{
  "name": "Run Flow Step",
  "description": "",
  "form": "b24a0a24-7286-4eb7-ab7a-eb961696f05e",
  "blocks": [
    {
      "id": "e83fd2f0-fcba-42d1-82cb-330cb3005a74",
      "label": "Active?",
      "environment": "HOSTED",
      "presentation": "{\"w\":100,\"x\":110,\"h\":50,\"y\":860}",
      "stepType": "SWITCH",
      "inputMappings": [
        {
          "inputPort": "input",
          "mapping": "${b24a0a24-7286-4eb7-ab7a-eb961696f05e.event.status}"
        }
      ],
      "switchCases": [
        {
          "caseId": "239d5dbd-ae4a-4691-992b-feda09f7c4ee",
          "caseValue": "ACTIVE"
        }
      ]
    },
    {
      "id": "c7ca3f2a-8c1a-4b4e-9478-00a811c86d63",
      "label": "Create xM User",
      "environment": "HOSTED",
      "presentation": "{\"w\":100,\"x\":660,\"h\":50,\"y\":490}",
      "step": "05ad1e8d-b7ab-4e09-9232-959d4c8c9203",
      "stepType": "SCRIPT_STEP",
      "inputMappings": [
        {
          "inputPort": "input",
          "mapping": "${b24a0a24-7286-4eb7-ab7a-eb961696f05e.event.properties.User ID (cxmu)}",
          "stepInput": "33f52b9a-a52e-4f91-a32d-c9a9b3a7cf33"
        },
        {
          "inputPort": "input",
          "mapping": "${b24a0a24-7286-4eb7-ab7a-eb961696f05e.event.properties.First Name}",
          "stepInput": "0246589d-6b8e-4611-86aa-a9250eb4a57c"
        },
        {
          "inputPort": "input",
          "mapping": "${b24a0a24-7286-4eb7-ab7a-eb961696f05e.event.properties.Last Name}",
          "stepInput": "a1c25d48-3fb1-467e-bbe2-e6afe109040a"
        },
        {
          "inputPort": "input",
          "mapping": "${b24a0a24-7286-4eb7-ab7a-eb961696f05e.event.properties.Supervisors}",
          "stepInput": "c2a8e1aa-a4e6-4775-9670-3f010ffe1e4a"
        },
        {
          "inputPort": "input",
          "mapping": "${b24a0a24-7286-4eb7-ab7a-eb961696f05e.event.properties.Roles}",
          "stepInput": "cf83534a-7ca4-46d9-9369-b700350ab2e9"
        },
        {
          "inputPort": "input",
          "mapping": "${b24a0a24-7286-4eb7-ab7a-eb961696f05e.event.properties.Site Name (cxmu)}",
          "stepInput": "3ba801b3-816d-4eb2-9423-e0bf3c26df09"
        },
        {
          "inputPort": "input",
          "mapping": "${b24a0a24-7286-4eb7-ab7a-eb961696f05e.event.properties.Timezone}",
          "stepInput": "eb0f94c2-2841-4ad3-9421-99b915e45f23"
        },
        {
          "inputPort": "input",
          "mapping": "${b24a0a24-7286-4eb7-ab7a-eb961696f05e.event.properties.Properties}",
          "stepInput": "f1ddef61-d563-4f6e-ba12-9ceefaf9c5dd"
        },
        {
          "inputPort": "input",
          "mapping": "${b24a0a24-7286-4eb7-ab7a-eb961696f05e.event.properties.License Type}",
          "stepInput": "e0701fe5-41bb-4e34-a083-f99615514306"
        },
        {
          "inputPort": "input",
          "mapping": "${b24a0a24-7286-4eb7-ab7a-eb961696f05e.event.properties.Email Address (cxmu)}",
          "stepInput": "b0302104-5e43-444f-9fdc-b67912501e04"
        }
      ]
    },
    {
      "id": "79ef717b-79cd-4a11-a63d-9090de2eedb6",
      "label": "Create xM User (Stringify Object)",
      "environment": "HOSTED",
      "presentation": "{\"w\":100,\"x\":1222,\"h\":50,\"y\":490}",
      "step": "1f956f23-1220-4062-bbcd-97027facdb49",
      "stepType": "SCRIPT_STEP",
      "inputMappings": [
        {
          "inputPort": "input",
          "mapping": "${c7ca3f2a-8c1a-4b4e-9478-00a811c86d63.personObject}",
          "stepInput": "c5263c66-b9a0-485d-a231-ad0bf4ccc428"
        }
      ]
    },
    {
      "id": "53d569e1-2eb8-44af-a8bf-22cb80aaedb1",
      "label": "Delete xM User",
      "environment": "HOSTED",
      "presentation": "{\"w\":100,\"x\":660,\"h\":50,\"y\":640}",
      "step": "b90c5df1-9b99-45ed-a1ad-9cf8fd68ab64",
      "stepType": "SCRIPT_STEP",
      "inputMappings": [
        {
          "inputPort": "input",
          "mapping": "${b24a0a24-7286-4eb7-ab7a-eb961696f05e.event.properties.User ID (dxmu)}",
          "stepInput": "dcd6f578-9291-4106-9807-816379725e57"
        }
      ]
    },
    {
      "id": "656ded98-3c68-40ea-8a3e-70eac041a2e5",
      "label": "Get Site ID",
      "environment": "HOSTED",
      "presentation": "{\"w\":100,\"x\":660,\"h\":50,\"y\":340}",
      "step": "7cdcf2e8-8448-498f-bc3a-d40a81489550",
      "stepType": "SCRIPT_STEP",
      "inputMappings": [
        {
          "inputPort": "input",
          "mapping": "${b24a0a24-7286-4eb7-ab7a-eb961696f05e.event.properties.Site Name (gsid)}",
          "stepInput": "3112d90e-f852-4d7b-baed-a4bf70dff87a"
        }
      ]
    },
    {
      "id": "17cc542e-ba11-4cee-a765-dd61665d4ae7",
      "label": "Get Site ID (Stringify Object)",
      "environment": "HOSTED",
      "presentation": "{\"w\":100,\"x\":1215,\"h\":50,\"y\":340}",
      "step": "1f956f23-1220-4062-bbcd-97027facdb49",
      "stepType": "SCRIPT_STEP",
      "inputMappings": [
        {
          "inputPort": "input",
          "mapping": "${656ded98-3c68-40ea-8a3e-70eac041a2e5.Site Object}",
          "stepInput": "c5263c66-b9a0-485d-a231-ad0bf4ccc428"
        }
      ]
    },
    {
      "id": "5daa6d4e-dbca-4945-ab68-54f1a743e6bc",
      "label": "Get Users From Email",
      "environment": "HOSTED",
      "presentation": "{\"w\":100,\"x\":880,\"h\":50,\"y\":1542}",
      "step": "d0bd5184-c472-4eb9-b3d3-5ed4b288cd48",
      "stepType": "SCRIPT_STEP",
      "inputMappings": [
        {
          "inputPort": "input",
          "mapping": "${b03b372a-d0d2-4778-8261-388b934e6928.xmapi_result}",
          "stepInput": "4dea7350-e592-4222-89f6-15d8f7c69621"
        }
      ]
    },
    {
      "id": "6b5e4ad5-22ee-4cf4-b4b7-a75516f6ac96",
      "label": "Is User Member of Group?",
      "environment": "HOSTED",
      "presentation": "{\"w\":100,\"x\":660,\"h\":50,\"y\":1090}",
      "step": "44a9d31d-eba0-42dd-92a9-5165d731d926",
      "stepType": "SCRIPT_STEP",
      "inputMappings": [
        {
          "inputPort": "input",
          "mapping": "${b24a0a24-7286-4eb7-ab7a-eb961696f05e.event.properties.User ID (iumog)}",
          "stepInput": "872c48e7-fe5f-4757-a27e-2d194fec027d"
        },
        {
          "inputPort": "input",
          "mapping": "${b24a0a24-7286-4eb7-ab7a-eb961696f05e.event.properties.Group Name}",
          "stepInput": "726706d9-c9b1-486c-bf16-725735a5fbe5"
        }
      ]
    },
    {
      "id": "b356b40a-8b5f-414b-a231-bdb204a26714",
      "label": "Merge Output",
      "environment": "HOSTED",
      "presentation": "{\"w\":100,\"x\":1462,\"h\":50,\"y\":1036}",
      "stepType": "MERGE",
      "inputMappings": [
        {
          "inputPort": "1fe9eb08-5f5f-4a69-a803-6ced5f65fc08",
          "mapping": "${1fe9eb08-5f5f-4a69-a803-6ced5f65fc08.Groups Cannot Remove From count}",
          "outputId": "411fccc3-764f-40dd-94e7-0ca1c97b0682"
        },
        {
          "inputPort": "60b6035f-498c-45db-9e04-9cac033f5622",
          "mapping": "${163e6249-c7d6-4a92-9ee4-467a437771ad.errMsg}",
          "outputId": "f794d892-e0e9-4c99-a94a-54eb0e181454"
        },
        {
          "inputPort": "53d569e1-2eb8-44af-a8bf-22cb80aaedb1",
          "mapping": "${53d569e1-2eb8-44af-a8bf-22cb80aaedb1.error}",
          "outputId": "411fccc3-764f-40dd-94e7-0ca1c97b0682"
        },
        {
          "inputPort": "53d569e1-2eb8-44af-a8bf-22cb80aaedb1",
          "mapping": "deleted: ${53d569e1-2eb8-44af-a8bf-22cb80aaedb1.deleted}",
          "outputId": "f16506cf-843e-4c04-82da-136b6f0501c4"
        },
        {
          "inputPort": "be4a2108-521f-4ddf-a6a6-95f42e0053eb",
          "mapping": "Active: ${be4a2108-521f-4ddf-a6a6-95f42e0053eb.active}",
          "outputId": "f16506cf-843e-4c04-82da-136b6f0501c4"
        },
        {
          "inputPort": "17cc542e-ba11-4cee-a765-dd61665d4ae7",
          "mapping": "${656ded98-3c68-40ea-8a3e-70eac041a2e5.error}",
          "outputId": "411fccc3-764f-40dd-94e7-0ca1c97b0682"
        },
        {
          "inputPort": "79ef717b-79cd-4a11-a63d-9090de2eedb6",
          "mapping": "${c7ca3f2a-8c1a-4b4e-9478-00a811c86d63.errMsg}",
          "outputId": "f794d892-e0e9-4c99-a94a-54eb0e181454"
        },
        {
          "inputPort": "6b5e4ad5-22ee-4cf4-b4b7-a75516f6ac96",
          "mapping": "isMember: ${6b5e4ad5-22ee-4cf4-b4b7-a75516f6ac96.isMember}<br>\nreason: ${6b5e4ad5-22ee-4cf4-b4b7-a75516f6ac96.reason}",
          "outputId": "f16506cf-843e-4c04-82da-136b6f0501c4"
        },
        {
          "inputPort": "be4a2108-521f-4ddf-a6a6-95f42e0053eb",
          "mapping": "${be4a2108-521f-4ddf-a6a6-95f42e0053eb.error}",
          "outputId": "411fccc3-764f-40dd-94e7-0ca1c97b0682"
        },
        {
          "inputPort": "1fe9eb08-5f5f-4a69-a803-6ced5f65fc08",
          "mapping": "Groups CANNOT Remove From<br>\ncount: ${1fe9eb08-5f5f-4a69-a803-6ced5f65fc08.Groups Cannot Remove From count}<br>\ngroups: ${1fe9eb08-5f5f-4a69-a803-6ced5f65fc08.Groups Cannot Remove From}<br>\nreason: ${1fe9eb08-5f5f-4a69-a803-6ced5f65fc08.Groups Cannot Remove From reason}",
          "outputId": "f794d892-e0e9-4c99-a94a-54eb0e181454"
        },
        {
          "inputPort": "be4a2108-521f-4ddf-a6a6-95f42e0053eb",
          "mapping": "${be4a2108-521f-4ddf-a6a6-95f42e0053eb.errMsg}",
          "outputId": "f794d892-e0e9-4c99-a94a-54eb0e181454"
        },
        {
          "inputPort": "17cc542e-ba11-4cee-a765-dd61665d4ae7",
          "mapping": "${656ded98-3c68-40ea-8a3e-70eac041a2e5.errMsg}",
          "outputId": "f794d892-e0e9-4c99-a94a-54eb0e181454"
        },
        {
          "inputPort": "60b6035f-498c-45db-9e04-9cac033f5622",
          "mapping": "gotIt: ${163e6249-c7d6-4a92-9ee4-467a437771ad.gotIt}<br>\ntargetName: ${163e6249-c7d6-4a92-9ee4-467a437771ad.targetName}<br>\nwebLogin: ${163e6249-c7d6-4a92-9ee4-467a437771ad.webLogin}<br>\nStatus: ${163e6249-c7d6-4a92-9ee4-467a437771ad.status}<br>\nName: ${163e6249-c7d6-4a92-9ee4-467a437771ad.name}<br>\nUUID: ${163e6249-c7d6-4a92-9ee4-467a437771ad.UUID}<br>\nSite: ${163e6249-c7d6-4a92-9ee4-467a437771ad.site}<br>\nUser Object: <br>\n${60b6035f-498c-45db-9e04-9cac033f5622.string}",
          "outputId": "f16506cf-843e-4c04-82da-136b6f0501c4"
        },
        {
          "inputPort": "60b6035f-498c-45db-9e04-9cac033f5622",
          "mapping": "${163e6249-c7d6-4a92-9ee4-467a437771ad.error}",
          "outputId": "411fccc3-764f-40dd-94e7-0ca1c97b0682"
        },
        {
          "inputPort": "1fe9eb08-5f5f-4a69-a803-6ced5f65fc08",
          "mapping": "Groups Removed From<br>\ncount: ${1fe9eb08-5f5f-4a69-a803-6ced5f65fc08.Groups Removed From count}<br>\ngroups: ${1fe9eb08-5f5f-4a69-a803-6ced5f65fc08.Groups Removed From}<br>\nreason: ${1fe9eb08-5f5f-4a69-a803-6ced5f65fc08.Groups Removed From reason}",
          "outputId": "f16506cf-843e-4c04-82da-136b6f0501c4"
        },
        {
          "inputPort": "5daa6d4e-dbca-4945-ab68-54f1a743e6bc",
          "mapping": "count: ${5daa6d4e-dbca-4945-ab68-54f1a743e6bc.count}<br>\nuser_list: ${5daa6d4e-dbca-4945-ab68-54f1a743e6bc.user_list}",
          "outputId": "f16506cf-843e-4c04-82da-136b6f0501c4"
        },
        {
          "inputPort": "a26062a5-4d9e-4458-8492-2fc49856c78a",
          "mapping": "gotIt: ${f5d4adb6-520e-43b0-b925-f43c33c2b1a9.gotIt}<br>\ntargetName: ${f5d4adb6-520e-43b0-b925-f43c33c2b1a9.targetName}<br>\nwebLogin: ${f5d4adb6-520e-43b0-b925-f43c33c2b1a9.webLogin}<br>\nStatus: ${f5d4adb6-520e-43b0-b925-f43c33c2b1a9.status}<br>\nName: ${f5d4adb6-520e-43b0-b925-f43c33c2b1a9.name}<br>\nUUID: ${f5d4adb6-520e-43b0-b925-f43c33c2b1a9.UUID}<br>\nSite: ${f5d4adb6-520e-43b0-b925-f43c33c2b1a9.site}<br>\nUser Object: <br>\n${a26062a5-4d9e-4458-8492-2fc49856c78a.string}",
          "outputId": "f16506cf-843e-4c04-82da-136b6f0501c4"
        },
        {
          "inputPort": "a26062a5-4d9e-4458-8492-2fc49856c78a",
          "mapping": "${f5d4adb6-520e-43b0-b925-f43c33c2b1a9.errMsg}",
          "outputId": "f794d892-e0e9-4c99-a94a-54eb0e181454"
        },
        {
          "inputPort": "05719b10-856d-4c61-bdde-309253190743",
          "mapping": "${41dd13cb-51c9-46b6-829e-324476c84542.errorMsg}",
          "outputId": "f794d892-e0e9-4c99-a94a-54eb0e181454"
        },
        {
          "inputPort": "a26062a5-4d9e-4458-8492-2fc49856c78a",
          "mapping": "${f5d4adb6-520e-43b0-b925-f43c33c2b1a9.error}",
          "outputId": "411fccc3-764f-40dd-94e7-0ca1c97b0682"
        },
        {
          "inputPort": "6b5e4ad5-22ee-4cf4-b4b7-a75516f6ac96",
          "mapping": "${6b5e4ad5-22ee-4cf4-b4b7-a75516f6ac96.error}",
          "outputId": "411fccc3-764f-40dd-94e7-0ca1c97b0682"
        },
        {
          "inputPort": "05719b10-856d-4c61-bdde-309253190743",
          "mapping": "count: ${41dd13cb-51c9-46b6-829e-324476c84542.count}<br>\nwarning: ${41dd13cb-51c9-46b6-829e-324476c84542.warning}<br>\nwarningMsg: ${41dd13cb-51c9-46b6-829e-324476c84542.warningMsg}<br>\nxmapi_result: ${05719b10-856d-4c61-bdde-309253190743.string}",
          "outputId": "f16506cf-843e-4c04-82da-136b6f0501c4"
        },
        {
          "inputPort": "6b5e4ad5-22ee-4cf4-b4b7-a75516f6ac96",
          "mapping": "${6b5e4ad5-22ee-4cf4-b4b7-a75516f6ac96.errMsg}",
          "outputId": "f794d892-e0e9-4c99-a94a-54eb0e181454"
        },
        {
          "inputPort": "17cc542e-ba11-4cee-a765-dd61665d4ae7",
          "mapping": "Site ID: ${656ded98-3c68-40ea-8a3e-70eac041a2e5.Site ID}<br>\nSite Name: ${656ded98-3c68-40ea-8a3e-70eac041a2e5.Site Name}<br>\nSite Object:<br>\n${17cc542e-ba11-4cee-a765-dd61665d4ae7.string}",
          "outputId": "f16506cf-843e-4c04-82da-136b6f0501c4"
        },
        {
          "inputPort": "79ef717b-79cd-4a11-a63d-9090de2eedb6",
          "mapping": "${c7ca3f2a-8c1a-4b4e-9478-00a811c86d63.error}",
          "outputId": "411fccc3-764f-40dd-94e7-0ca1c97b0682"
        },
        {
          "inputPort": "5daa6d4e-dbca-4945-ab68-54f1a743e6bc",
          "mapping": "${b03b372a-d0d2-4778-8261-388b934e6928.errorMsg}",
          "outputId": "f794d892-e0e9-4c99-a94a-54eb0e181454"
        },
        {
          "inputPort": "5daa6d4e-dbca-4945-ab68-54f1a743e6bc",
          "mapping": "${b03b372a-d0d2-4778-8261-388b934e6928.error}",
          "outputId": "411fccc3-764f-40dd-94e7-0ca1c97b0682"
        },
        {
          "inputPort": "79ef717b-79cd-4a11-a63d-9090de2eedb6",
          "mapping": "Created: ${c7ca3f2a-8c1a-4b4e-9478-00a811c86d63.created}<br>\nUUID: ${c7ca3f2a-8c1a-4b4e-9478-00a811c86d63.UUID}<br>\nWarningMsg: ${c7ca3f2a-8c1a-4b4e-9478-00a811c86d63.warningMsg} <br>\nPerson Object:<br>\n${79ef717b-79cd-4a11-a63d-9090de2eedb6.string}",
          "outputId": "f16506cf-843e-4c04-82da-136b6f0501c4"
        },
        {
          "inputPort": "05719b10-856d-4c61-bdde-309253190743",
          "mapping": "${41dd13cb-51c9-46b6-829e-324476c84542.error}",
          "outputId": "411fccc3-764f-40dd-94e7-0ca1c97b0682"
        },
        {
          "inputPort": "53d569e1-2eb8-44af-a8bf-22cb80aaedb1",
          "mapping": "${53d569e1-2eb8-44af-a8bf-22cb80aaedb1.errMsg}",
          "outputId": "f794d892-e0e9-4c99-a94a-54eb0e181454"
        }
      ],
      "mergeOutputs": [
        {
          "outputId": "f16506cf-843e-4c04-82da-136b6f0501c4",
          "name": "Step Output",
          "order": 0
        },
        {
          "outputId": "411fccc3-764f-40dd-94e7-0ca1c97b0682",
          "name": "Error Flag",
          "order": 1
        },
        {
          "outputId": "f794d892-e0e9-4c99-a94a-54eb0e181454",
          "name": "Error Message",
          "order": 2
        }
      ]
    },
    {
      "id": "73f10490-6731-42e6-a853-255707a0fd63",
      "label": "Results alert",
      "environment": "HOSTED",
      "presentation": "{\"w\":100,\"x\":1770,\"h\":50,\"y\":1060}",
      "step": "93bf9805-1080-4c3f-a95e-9237e63138d4",
      "stepType": "CREATE_EVENT",
      "inputMappings": [
        {
          "inputPort": "input",
          "mapping": "${b24a0a24-7286-4eb7-ab7a-eb961696f05e.event.targetedRecipients}",
          "sectionItemKey": "recipients"
        },
        {
          "inputPort": "input",
          "mapping": "${b356b40a-8b5f-414b-a231-bdb204a26714.Error Message}",
          "sectionItemKey": "2db318fe-ec21-42ae-bcca-38b56bbc1cbc"
        },
        {
          "inputPort": "input",
          "mapping": "Work Email",
          "sectionItemKey": "a43bfc93-69a9-5c33-9dad-61b88bcddbb8"
        },
        {
          "inputPort": "input",
          "mapping": "${b356b40a-8b5f-414b-a231-bdb204a26714.Error Flag}",
          "sectionItemKey": "77c340a6-c3eb-4a53-a438-6393f0197926"
        },
        {
          "inputPort": "input",
          "mapping": "${b24a0a24-7286-4eb7-ab7a-eb961696f05e.event.eventId}",
          "sectionItemKey": "a7508f2a-0ed9-4692-9ae9-d5386d261fd1"
        },
        {
          "inputPort": "input",
          "mapping": "${b24a0a24-7286-4eb7-ab7a-eb961696f05e.event.properties.Step To Run}",
          "sectionItemKey": "de11a8f5-fbb7-45e1-affb-051f71109138"
        },
        {
          "inputPort": "input",
          "mapping": "${b356b40a-8b5f-414b-a231-bdb204a26714.Step Output}",
          "sectionItemKey": "5b997c8d-219f-4d29-a8f9-6b557acc8d77"
        }
      ]
    },
    {
      "id": "457a7759-e573-406b-890b-3678dd44b8d3",
      "label": "Run Flow Step - Alert Status Updates",
      "environment": "HOSTED",
      "presentation": "{\"w\":100,\"x\":-224,\"h\":50,\"y\":1056}",
      "step": "8b27fc01-5426-4b3b-b12d-80edac1d4e2a",
      "stepType": "INTEGRATION"
    },
    {
      "id": "81d924f7-9800-4c11-8b57-21960ea2eb69",
      "label": "Step to Run?",
      "environment": "HOSTED",
      "presentation": "{\"w\":100,\"x\":440,\"h\":50,\"y\":205}",
      "stepType": "SWITCH",
      "inputMappings": [
        {
          "inputPort": "input",
          "mapping": "${b24a0a24-7286-4eb7-ab7a-eb961696f05e.event.properties.Step To Run}"
        }
      ],
      "switchCases": [
        {
          "caseId": "39c20a45-bc62-4b72-bc9a-943e992f9d6d",
          "caseValue": "Get Site ID"
        },
        {
          "caseId": "52a956c5-8dca-4d32-9f12-2155f7b84937",
          "caseValue": "Create xM User"
        },
        {
          "caseId": "73ed2e90-cea0-472e-a3d6-3897ea940ebf",
          "caseValue": "Delete xM User"
        },
        {
          "caseId": "898f809c-a4de-49ba-aecb-46167390a0b8",
          "caseValue": "xM Get User"
        },
        {
          "caseId": "783b2713-1d0c-4c36-befa-131fa984c30b",
          "caseValue": "xM Get User From Name"
        },
        {
          "caseId": "2ebe3ff4-dae1-40e7-ad4b-d69187b9a056",
          "caseValue": "Is User Member of Group?"
        },
        {
          "caseId": "15449ff4-2244-443a-8dcb-899a32a80eac",
          "caseValue": "xM Remove User from SOME Groups"
        },
        {
          "caseId": "8fba7331-4655-4eac-a7a3-36fae0982b27",
          "caseValue": "xM Set User Active"
        },
        {
          "caseId": "bc07ac0a-2705-48f7-a41d-79788a85b5ce",
          "caseValue": "Get Users From Email"
        },
        {
          "caseId": "f7baf144-fc4d-4f4e-987d-560cf79503fb",
          "caseValue": "xMAPI Get Big Result"
        }
      ]
    },
    {
      "id": "163e6249-c7d6-4a92-9ee4-467a437771ad",
      "label": "xM Get User",
      "environment": "HOSTED",
      "presentation": "{\"w\":100,\"x\":660,\"h\":50,\"y\":790}",
      "step": "fc6f60f8-4a99-40b1-8375-85e9f7499ef9",
      "stepType": "SCRIPT_STEP",
      "inputMappings": [
        {
          "inputPort": "input",
          "mapping": "${b24a0a24-7286-4eb7-ab7a-eb961696f05e.event.properties.User ID (xmgu)}",
          "stepInput": "a1f44ad8-8dca-4901-81cb-c8272f1dce82"
        }
      ]
    },
    {
      "id": "60b6035f-498c-45db-9e04-9cac033f5622",
      "label": "xM Get User (Stringify Object)",
      "environment": "HOSTED",
      "presentation": "{\"w\":100,\"x\":1223,\"h\":50,\"y\":790}",
      "step": "1f956f23-1220-4062-bbcd-97027facdb49",
      "stepType": "SCRIPT_STEP",
      "inputMappings": [
        {
          "inputPort": "input",
          "mapping": "${163e6249-c7d6-4a92-9ee4-467a437771ad.User Object}",
          "stepInput": "c5263c66-b9a0-485d-a231-ad0bf4ccc428"
        }
      ]
    },
    {
      "id": "f5d4adb6-520e-43b0-b925-f43c33c2b1a9",
      "label": "xM Get User From Name",
      "environment": "HOSTED",
      "presentation": "{\"w\":100,\"x\":660,\"h\":50,\"y\":940}",
      "step": "2a70e745-50d3-476a-a925-7fd5eee850e4",
      "stepType": "SCRIPT_STEP",
      "inputMappings": [
        {
          "inputPort": "input",
          "mapping": "${b24a0a24-7286-4eb7-ab7a-eb961696f05e.event.properties.Name}",
          "stepInput": "3944a84d-22a8-4e83-8d4d-c50745eafb0c"
        }
      ]
    },
    {
      "id": "a26062a5-4d9e-4458-8492-2fc49856c78a",
      "label": "xM Get User From Name (Stringify Object)",
      "environment": "HOSTED",
      "presentation": "{\"w\":100,\"x\":1236,\"h\":50,\"y\":940}",
      "step": "1f956f23-1220-4062-bbcd-97027facdb49",
      "stepType": "SCRIPT_STEP",
      "inputMappings": [
        {
          "inputPort": "input",
          "mapping": "${f5d4adb6-520e-43b0-b925-f43c33c2b1a9.User Object}",
          "stepInput": "c5263c66-b9a0-485d-a231-ad0bf4ccc428"
        }
      ]
    },
    {
      "id": "1fe9eb08-5f5f-4a69-a803-6ced5f65fc08",
      "label": "xM Remove User from SOME Groups",
      "environment": "HOSTED",
      "presentation": "{\"w\":100,\"x\":660,\"h\":50,\"y\":1240}",
      "step": "15e1881e-bb32-484a-bf93-6241a3089fbc",
      "stepType": "SCRIPT_STEP",
      "inputMappings": [
        {
          "inputPort": "input",
          "mapping": "${b24a0a24-7286-4eb7-ab7a-eb961696f05e.event.properties.Groups (rufsg)}",
          "stepInput": "5e875068-21f2-4dad-9f51-1c7be828a602"
        },
        {
          "inputPort": "input",
          "mapping": "${b24a0a24-7286-4eb7-ab7a-eb961696f05e.event.properties.User ID (rufsg)}",
          "stepInput": "10458125-6262-4035-b788-0272ff3d593e"
        },
        {
          "inputPort": "input",
          "mapping": "${b24a0a24-7286-4eb7-ab7a-eb961696f05e.event.properties.Device Name filter}",
          "stepInput": "050aa7ee-0e14-495d-ae04-3913b581ae54"
        },
        {
          "inputPort": "input",
          "mapping": "${b24a0a24-7286-4eb7-ab7a-eb961696f05e.event.properties.Device Type filter}",
          "stepInput": "05bcd9e5-dfea-4965-b57c-56e22cce4453"
        }
      ]
    },
    {
      "id": "be4a2108-521f-4ddf-a6a6-95f42e0053eb",
      "label": "xM User Set Active",
      "environment": "HOSTED",
      "presentation": "{\"w\":100,\"x\":660,\"h\":50,\"y\":1390}",
      "step": "b34c310b-3eda-4056-9f56-0ab2d410d2b9",
      "stepType": "SCRIPT_STEP",
      "inputMappings": [
        {
          "inputPort": "input",
          "mapping": "${b24a0a24-7286-4eb7-ab7a-eb961696f05e.event.properties.User ID (xmusa)}",
          "stepInput": "2b51beff-bbe9-43bc-85c9-8669776327ca"
        },
        {
          "inputPort": "input",
          "mapping": "${b24a0a24-7286-4eb7-ab7a-eb961696f05e.event.properties.Action}",
          "stepInput": "9ebafeb7-0917-466e-983c-53f8ca4270bd"
        }
      ]
    },
    {
      "id": "b03b372a-d0d2-4778-8261-388b934e6928",
      "label": "xMAPI Get Big Result",
      "environment": "HOSTED",
      "presentation": "{\"w\":100,\"x\":660,\"h\":50,\"y\":1542}",
      "step": "aafe1cc1-c4b5-4867-a357-4667a754103e",
      "stepType": "SCRIPT_STEP",
      "inputMappings": [
        {
          "inputPort": "input",
          "mapping": "/api/xm/1/devices?deviceType=EMAIL",
          "stepInput": "2ff43f5c-85b4-41b5-acea-bd75d76c6bf3"
        },
        {
          "inputPort": "input",
          "mapping": "emailAddress,targetName",
          "stepInput": "53cf015c-d98a-4fde-a5d1-778e7d8a0a3c"
        },
        {
          "inputPort": "input",
          "mapping": "whitelist",
          "stepInput": "4f99f722-92c0-47b0-b277-e9df2d4666a2"
        },
        {
          "inputPort": "input",
          "mapping": "19900",
          "stepInput": "95fb53a2-5d63-46a9-8e78-5600fc8788a9"
        },
        {
          "inputPort": "input",
          "mapping": "emailAddress",
          "stepInput": "8ee8621a-8991-4957-9f1b-19c139753ce6"
        },
        {
          "inputPort": "input",
          "mapping": "${b24a0a24-7286-4eb7-ab7a-eb961696f05e.event.properties.Email Address (gufe)}",
          "stepInput": "c74ca69c-e250-4552-af81-ba5bd8906ccf"
        },
        {
          "inputPort": "input",
          "mapping": "false",
          "stepInput": "ba655e30-ff03-46e2-849f-e43ecd476204"
        },
        {
          "inputPort": "input",
          "mapping": "false",
          "stepInput": "d53fd07d-7ec4-4893-a7eb-91a115f907c3"
        }
      ]
    },
    {
      "id": "41dd13cb-51c9-46b6-829e-324476c84542",
      "label": "xMAPI Get Big Result",
      "environment": "HOSTED",
      "presentation": "{\"w\":100,\"x\":660,\"h\":50,\"y\":1690}",
      "step": "aafe1cc1-c4b5-4867-a357-4667a754103e",
      "stepType": "SCRIPT_STEP",
      "inputMappings": [
        {
          "inputPort": "input",
          "mapping": "${b24a0a24-7286-4eb7-ab7a-eb961696f05e.event.properties.Query Path}",
          "stepInput": "2ff43f5c-85b4-41b5-acea-bd75d76c6bf3"
        },
        {
          "inputPort": "input",
          "mapping": "${b24a0a24-7286-4eb7-ab7a-eb961696f05e.event.properties.Property Whitelist}",
          "stepInput": "53cf015c-d98a-4fde-a5d1-778e7d8a0a3c"
        },
        {
          "inputPort": "input",
          "mapping": "${b24a0a24-7286-4eb7-ab7a-eb961696f05e.event.properties.Property Blacklist}",
          "stepInput": "138f65d5-a6c2-4bcb-9a8b-e504ac10a236"
        },
        {
          "inputPort": "input",
          "mapping": "${b24a0a24-7286-4eb7-ab7a-eb961696f05e.event.properties.Blacklist or Whitelist?}",
          "stepInput": "4f99f722-92c0-47b0-b277-e9df2d4666a2"
        },
        {
          "inputPort": "input",
          "mapping": "${b24a0a24-7286-4eb7-ab7a-eb961696f05e.event.properties.Active Filter}",
          "stepInput": "4d882174-147d-455e-a09f-ef9d139e314b"
        },
        {
          "inputPort": "input",
          "mapping": "${b24a0a24-7286-4eb7-ab7a-eb961696f05e.event.properties.Max Output Size}",
          "stepInput": "95fb53a2-5d63-46a9-8e78-5600fc8788a9"
        },
        {
          "inputPort": "input",
          "mapping": "${b24a0a24-7286-4eb7-ab7a-eb961696f05e.event.properties.Value Filter Property}",
          "stepInput": "8ee8621a-8991-4957-9f1b-19c139753ce6"
        },
        {
          "inputPort": "input",
          "mapping": "${b24a0a24-7286-4eb7-ab7a-eb961696f05e.event.properties.Value Filter Value}",
          "stepInput": "c74ca69c-e250-4552-af81-ba5bd8906ccf"
        },
        {
          "inputPort": "input",
          "mapping": "${b24a0a24-7286-4eb7-ab7a-eb961696f05e.event.properties.Value Filter Case-Sensitive?}",
          "stepInput": "ba655e30-ff03-46e2-849f-e43ecd476204"
        },
        {
          "inputPort": "input",
          "mapping": "${b24a0a24-7286-4eb7-ab7a-eb961696f05e.event.properties.Value Filter Substring Match?}",
          "stepInput": "d53fd07d-7ec4-4893-a7eb-91a115f907c3"
        }
      ]
    },
    {
      "id": "05719b10-856d-4c61-bdde-309253190743",
      "label": "xMAPI Get Big Result (Stringify Object)",
      "environment": "HOSTED",
      "presentation": "{\"w\":100,\"x\":1214,\"h\":50,\"y\":1690}",
      "step": "1f956f23-1220-4062-bbcd-97027facdb49",
      "stepType": "SCRIPT_STEP",
      "inputMappings": [
        {
          "inputPort": "input",
          "mapping": "${41dd13cb-51c9-46b6-829e-324476c84542.xmapi_result}",
          "stepInput": "c5263c66-b9a0-485d-a231-ad0bf4ccc428"
        }
      ]
    }
  ],
  "edges": [
    {
      "fromBlock": "81d924f7-9800-4c11-8b57-21960ea2eb69",
      "fromPort": "bc07ac0a-2705-48f7-a41d-79788a85b5ce",
      "toBlock": "b03b372a-d0d2-4778-8261-388b934e6928",
      "toPort": "input"
    },
    {
      "fromBlock": "81d924f7-9800-4c11-8b57-21960ea2eb69",
      "fromPort": "8fba7331-4655-4eac-a7a3-36fae0982b27",
      "toBlock": "be4a2108-521f-4ddf-a6a6-95f42e0053eb",
      "toPort": "input"
    },
    {
      "fromBlock": "81d924f7-9800-4c11-8b57-21960ea2eb69",
      "fromPort": "52a956c5-8dca-4d32-9f12-2155f7b84937",
      "toBlock": "c7ca3f2a-8c1a-4b4e-9478-00a811c86d63",
      "toPort": "input"
    },
    {
      "fromBlock": "81d924f7-9800-4c11-8b57-21960ea2eb69",
      "fromPort": "783b2713-1d0c-4c36-befa-131fa984c30b",
      "toBlock": "f5d4adb6-520e-43b0-b925-f43c33c2b1a9",
      "toPort": "input"
    },
    {
      "fromBlock": "81d924f7-9800-4c11-8b57-21960ea2eb69",
      "fromPort": "898f809c-a4de-49ba-aecb-46167390a0b8",
      "toBlock": "163e6249-c7d6-4a92-9ee4-467a437771ad",
      "toPort": "input"
    },
    {
      "fromBlock": "81d924f7-9800-4c11-8b57-21960ea2eb69",
      "fromPort": "15449ff4-2244-443a-8dcb-899a32a80eac",
      "toBlock": "1fe9eb08-5f5f-4a69-a803-6ced5f65fc08",
      "toPort": "input"
    },
    {
      "fromBlock": "81d924f7-9800-4c11-8b57-21960ea2eb69",
      "fromPort": "f7baf144-fc4d-4f4e-987d-560cf79503fb",
      "toBlock": "41dd13cb-51c9-46b6-829e-324476c84542",
      "toPort": "input"
    },
    {
      "fromBlock": "81d924f7-9800-4c11-8b57-21960ea2eb69",
      "fromPort": "73ed2e90-cea0-472e-a3d6-3897ea940ebf",
      "toBlock": "53d569e1-2eb8-44af-a8bf-22cb80aaedb1",
      "toPort": "input"
    },
    {
      "fromBlock": "81d924f7-9800-4c11-8b57-21960ea2eb69",
      "fromPort": "39c20a45-bc62-4b72-bc9a-943e992f9d6d",
      "toBlock": "656ded98-3c68-40ea-8a3e-70eac041a2e5",
      "toPort": "input"
    },
    {
      "fromBlock": "81d924f7-9800-4c11-8b57-21960ea2eb69",
      "fromPort": "2ebe3ff4-dae1-40e7-ad4b-d69187b9a056",
      "toBlock": "6b5e4ad5-22ee-4cf4-b4b7-a75516f6ac96",
      "toPort": "input"
    },
    {
      "fromBlock": "a26062a5-4d9e-4458-8492-2fc49856c78a",
      "fromPort": "output",
      "toBlock": "b356b40a-8b5f-414b-a231-bdb204a26714",
      "toPort": "a26062a5-4d9e-4458-8492-2fc49856c78a"
    },
    {
      "fromBlock": "b03b372a-d0d2-4778-8261-388b934e6928",
      "fromPort": "output",
      "toBlock": "5daa6d4e-dbca-4945-ab68-54f1a743e6bc",
      "toPort": "input"
    },
    {
      "fromBlock": "b356b40a-8b5f-414b-a231-bdb204a26714",
      "fromPort": "output",
      "toBlock": "73f10490-6731-42e6-a853-255707a0fd63",
      "toPort": "input"
    },
    {
      "fromBlock": "be4a2108-521f-4ddf-a6a6-95f42e0053eb",
      "fromPort": "output",
      "toBlock": "b356b40a-8b5f-414b-a231-bdb204a26714",
      "toPort": "be4a2108-521f-4ddf-a6a6-95f42e0053eb"
    },
    {
      "fromBlock": "c7ca3f2a-8c1a-4b4e-9478-00a811c86d63",
      "fromPort": "output",
      "toBlock": "79ef717b-79cd-4a11-a63d-9090de2eedb6",
      "toPort": "input"
    },
    {
      "fromBlock": "e83fd2f0-fcba-42d1-82cb-330cb3005a74",
      "fromPort": "239d5dbd-ae4a-4691-992b-feda09f7c4ee",
      "toBlock": "81d924f7-9800-4c11-8b57-21960ea2eb69",
      "toPort": "input"
    },
    {
      "fromBlock": "f5d4adb6-520e-43b0-b925-f43c33c2b1a9",
      "fromPort": "output",
      "toBlock": "a26062a5-4d9e-4458-8492-2fc49856c78a",
      "toPort": "input"
    },
    {
      "fromBlock": "05719b10-856d-4c61-bdde-309253190743",
      "fromPort": "output",
      "toBlock": "b356b40a-8b5f-414b-a231-bdb204a26714",
      "toPort": "05719b10-856d-4c61-bdde-309253190743"
    },
    {
      "fromBlock": "163e6249-c7d6-4a92-9ee4-467a437771ad",
      "fromPort": "output",
      "toBlock": "60b6035f-498c-45db-9e04-9cac033f5622",
      "toPort": "input"
    },
    {
      "fromBlock": "17cc542e-ba11-4cee-a765-dd61665d4ae7",
      "fromPort": "output",
      "toBlock": "b356b40a-8b5f-414b-a231-bdb204a26714",
      "toPort": "17cc542e-ba11-4cee-a765-dd61665d4ae7"
    },
    {
      "fromBlock": "1fe9eb08-5f5f-4a69-a803-6ced5f65fc08",
      "fromPort": "output",
      "toBlock": "b356b40a-8b5f-414b-a231-bdb204a26714",
      "toPort": "1fe9eb08-5f5f-4a69-a803-6ced5f65fc08"
    },
    {
      "fromBlock": "41dd13cb-51c9-46b6-829e-324476c84542",
      "fromPort": "output",
      "toBlock": "05719b10-856d-4c61-bdde-309253190743",
      "toPort": "input"
    },
    {
      "fromBlock": "457a7759-e573-406b-890b-3678dd44b8d3",
      "fromPort": "output",
      "toBlock": "e83fd2f0-fcba-42d1-82cb-330cb3005a74",
      "toPort": "input"
    },
    {
      "fromBlock": "53d569e1-2eb8-44af-a8bf-22cb80aaedb1",
      "fromPort": "output",
      "toBlock": "b356b40a-8b5f-414b-a231-bdb204a26714",
      "toPort": "53d569e1-2eb8-44af-a8bf-22cb80aaedb1"
    },
    {
      "fromBlock": "5daa6d4e-dbca-4945-ab68-54f1a743e6bc",
      "fromPort": "output",
      "toBlock": "b356b40a-8b5f-414b-a231-bdb204a26714",
      "toPort": "5daa6d4e-dbca-4945-ab68-54f1a743e6bc"
    },
    {
      "fromBlock": "60b6035f-498c-45db-9e04-9cac033f5622",
      "fromPort": "output",
      "toBlock": "b356b40a-8b5f-414b-a231-bdb204a26714",
      "toPort": "60b6035f-498c-45db-9e04-9cac033f5622"
    },
    {
      "fromBlock": "656ded98-3c68-40ea-8a3e-70eac041a2e5",
      "fromPort": "output",
      "toBlock": "17cc542e-ba11-4cee-a765-dd61665d4ae7",
      "toPort": "input"
    },
    {
      "fromBlock": "6b5e4ad5-22ee-4cf4-b4b7-a75516f6ac96",
      "fromPort": "output",
      "toBlock": "b356b40a-8b5f-414b-a231-bdb204a26714",
      "toPort": "6b5e4ad5-22ee-4cf4-b4b7-a75516f6ac96"
    },
    {
      "fromBlock": "79ef717b-79cd-4a11-a63d-9090de2eedb6",
      "fromPort": "output",
      "toBlock": "b356b40a-8b5f-414b-a231-bdb204a26714",
      "toPort": "79ef717b-79cd-4a11-a63d-9090de2eedb6"
    }
  ]
}