{
  "version": "1.9",
  "name": "xMatters Handy Flow Steps volume 2",
  "description": "Another set of ten xMatters utility steps for Flow Designer, designed to make working with xMatters users, groups and the API in general easier. Use the form-based test interface to experiment with different inputs and see the results. By Richard Selby, xMatters Consulting, September 2023.",
  "isActive": true,
  "order": 0,
  "iconOverride": "https://s3-xmatters-static.s3.amazonaws.com/image_library/customers/b1d45caa-e9a4-4422-9702-5aece4f445a0/IMAGE__20230911114453675__handy_flow.png",
  "documentLink": "",
  "documentLabel": "",
  "originType": "",
  "productType": "XM"
}