[
  {
    "baseType": 21,
    "name": "Action",
    "description": "xM User Set Active",
    "helpText": "",
    "isSystem": false,
    "values": [
      {
        "value": "active",
        "isDefault": false,
        "isVisible": true
      },
      {
        "value": "inactive",
        "isDefault": false,
        "isVisible": true
      },
      {
        "value": "toggle",
        "isDefault": true,
        "isVisible": true
      }
    ],
    "uuid": "e53c9bb5-df49-49d2-8e20-2b0eb3819b98"
  },
  {
    "baseType": 0,
    "name": "Active Filter",
    "defaultValue": "true",
    "description": "",
    "helpText": "Set to true to restrict to only ACTIVE records, assuming the results includes an active status, like Users.",
    "isSystem": false,
    "uuid": "8cff24bc-96a8-4a49-8295-3054fcf12543"
  },
  {
    "baseType": 21,
    "name": "Blacklist or Whitelist?",
    "description": "",
    "helpText": "Whether to apply the property_blacklist or property_whitelist. Leave blank for full output.",
    "isSystem": false,
    "values": [
      {
        "value": "blacklist",
        "isDefault": false,
        "isVisible": true
      },
      {
        "value": "whitelist",
        "isDefault": false,
        "isVisible": true
      }
    ],
    "uuid": "71ad04df-ba2c-4ead-be54-6bf003765b5e"
  },
  {
    "baseType": 3,
    "name": "Device Name filter",
    "defaultValue": "Work Email",
    "description": "",
    "helpText": "A valid xMatters device name, which  If you use this, only matching target devices get removed. Not case-sensitive.",
    "isSystem": false,
    "minLength": 0,
    "maxLength": 100,
    "validationRegex": "",
    "isValidate": false,
    "uuid": "ab95a3c5-8076-488b-8e35-cbc8c0658064"
  },
  {
    "baseType": 3,
    "name": "Device Type filter",
    "defaultValue": "",
    "description": "",
    "helpText": "E.g. EMAIL|VOICE|TEXT_PHONE. If you set this, only devices of this device type are removed. Unlike Device Names, Device Types are standard across all xMatters instances. They also can cover more than one device. Used on its own, you can use this property to remove all directly targeted email devices. Not case-sensitive.",
    "isSystem": false,
    "minLength": 0,
    "maxLength": 30,
    "validationRegex": "",
    "isValidate": false,
    "uuid": "dc9264cd-4100-4563-9663-11e76bf7ad1b"
  },
  {
    "baseType": 3,
    "name": "Email Address (cxmu)",
    "defaultValue": "taylor.swift@example.com",
    "description": "",
    "helpText": "Set as Work Email device. ",
    "isSystem": false,
    "minLength": 0,
    "maxLength": 500,
    "validationRegex": "",
    "isValidate": false,
    "uuid": "08ed0074-96c1-47e1-ac1c-eb40590eec0f"
  },
  {
    "baseType": 3,
    "name": "Email Address (gufe)",
    "defaultValue": "freddie.mercury@example.com",
    "description": "Get Users From Email",
    "helpText": "",
    "isSystem": false,
    "minLength": 0,
    "maxLength": 500,
    "validationRegex": "",
    "isValidate": false,
    "uuid": "9796dc2c-2d43-4a6a-baa9-bbf6feb5e4e4"
  },
  {
    "baseType": 3,
    "name": "Error?",
    "defaultValue": "",
    "description": "",
    "helpText": "",
    "isSystem": false,
    "minLength": 0,
    "maxLength": 30,
    "validationRegex": "",
    "isValidate": false,
    "uuid": "77c340a6-c3eb-4a53-a438-6393f0197926"
  },
  {
    "baseType": 3,
    "name": "Error Output",
    "defaultValue": "",
    "description": "",
    "helpText": "",
    "isSystem": false,
    "minLength": 0,
    "maxLength": 1000,
    "validationRegex": "",
    "isValidate": false,
    "uuid": "2db318fe-ec21-42ae-bcca-38b56bbc1cbc"
  },
  {
    "baseType": 3,
    "name": "First Name",
    "defaultValue": "Taylor",
    "description": "",
    "helpText": "Max 100 characters",
    "isSystem": false,
    "minLength": 0,
    "maxLength": 100,
    "validationRegex": "",
    "isValidate": false,
    "uuid": "6beea1c0-5449-48e3-8689-c69af6ba2619"
  },
  {
    "baseType": 3,
    "name": "Group Name",
    "defaultValue": "Pop Stars",
    "description": "",
    "helpText": "Not case-sensitive",
    "isSystem": false,
    "minLength": 0,
    "maxLength": 250,
    "validationRegex": "",
    "isValidate": false,
    "uuid": "987a34d6-1258-4332-8441-086e94865b49"
  },
  {
    "baseType": 3,
    "name": "Groups (rufsg)",
    "defaultValue": "Rock Stars, Muppets, No-Such Group",
    "description": "Remove User from SOME Groups\n",
    "helpText": "One or more groups to check. Use comma-separated list if more than one. There's no wildcard. You need to specify at least one group name.",
    "isSystem": false,
    "minLength": 0,
    "maxLength": 2000,
    "validationRegex": "",
    "isValidate": false,
    "uuid": "cca94829-0005-4204-a93d-a137ff93c442"
  },
  {
    "baseType": 3,
    "name": "Last Name",
    "defaultValue": "Swift",
    "description": "",
    "helpText": "Max 100 chars",
    "isSystem": false,
    "minLength": 0,
    "maxLength": 100,
    "validationRegex": "",
    "isValidate": false,
    "uuid": "1a8552ab-f5b0-4461-8f79-cf6190ff1e50"
  },
  {
    "baseType": 21,
    "name": "License Type",
    "description": "",
    "helpText": "Some xMatters instances support license types. If enabled, set it here. If you don't have it enabled, leave blank.",
    "isSystem": false,
    "values": [
      {
        "value": "FULL_USER",
        "isDefault": false,
        "isVisible": true
      },
      {
        "value": "STAKEHOLDER_USER",
        "isDefault": false,
        "isVisible": true
      }
    ],
    "uuid": "80418f73-e108-4947-8aa1-9e2a0ea5b924"
  },
  {
    "baseType": 1,
    "name": "Max Output Size",
    "defaultValue": "19990",
    "description": "",
    "helpText": "Flow steps fail when an input as more than 20k chars. Use this value to ensure the JSON output doesn't exceed this (or any other) threshold.",
    "isSystem": false,
    "minValue": "",
    "maxValue": "",
    "units": "",
    "uuid": "adeaa90e-71fc-4519-aded-3b9a64cced0f"
  },
  {
    "baseType": 3,
    "name": "Name",
    "defaultValue": "Taylor Swift",
    "description": "",
    "helpText": "If only one name is used, assume it is the first name. Therefore both \"Taylor\" and \"Taylor Swift\" return Taylor Swift's user object. However, \"Taylor Sw\" does not work as surname is Swift, not Sw. Not case-sensitive.",
    "isSystem": false,
    "minLength": 0,
    "maxLength": 201,
    "validationRegex": "",
    "isValidate": false,
    "uuid": "1cff83d1-1c40-4f2b-851a-a893d74761ce"
  },
  {
    "baseType": 0,
    "name": "Note0",
    "defaultValue": "true",
    "description": "",
    "helpText": "Notes like this are here to provide helpful information in each section. The NoteX checkbox value, whether ticked or unticked, is ignored.",
    "isSystem": false,
    "uuid": "35296431-d8e1-4ecb-936a-b293cbb7022e"
  },
  {
    "baseType": 0,
    "name": "Note1",
    "defaultValue": "true",
    "description": "",
    "helpText": "Use this Flow Step to obtain a site's UUID from the name. The UUID is often required for xMAPI calls. Also returns a full site object. Can run in reverse too, should you supply a UUID as input instead of a name.",
    "isSystem": false,
    "uuid": "f8551b5a-2385-45fc-850f-c948089a2aae"
  },
  {
    "baseType": 0,
    "name": "Note10",
    "defaultValue": "true",
    "description": "",
    "helpText": "Returns a list of xMatters users who have devices matching an email address. N.B. This is a combination of two steps, not a single step.  The first step is the generic xMAPI Get Big Result, used to query every email in the instance and filter the results. The second step, Get Users From Email, parses the results. Think of it as a worked-up example with xmAPI Get Big Result. You can experiment with xMAPI Get Big Result in the following section. ",
    "isSystem": false,
    "uuid": "d213dc7e-4860-4c14-b179-42a25538da47"
  },
  {
    "baseType": 0,
    "name": "Note11",
    "defaultValue": "true",
    "description": "",
    "helpText": "Runs an arbitrary GET query from the xMatters API and does a lot of the donkey-work for you.  Handles paging, trims the results, filters the result set with either a white or blacklist, can even search for a specific property/value needle in the haystack.",
    "isSystem": false,
    "uuid": "53660ba2-fb3f-41ad-ba3f-7833136321a9"
  },
  {
    "baseType": 0,
    "name": "Note 12",
    "defaultValue": "true",
    "description": "",
    "helpText": "If you want to receive the step output in an email, set yourself as recipient below. Otherwise, you can just flick through the Alerts report.",
    "isSystem": false,
    "uuid": "217ee4f0-bf53-4d5f-b6ee-d930170e2d18"
  },
  {
    "baseType": 0,
    "name": "Note2",
    "defaultValue": "true",
    "description": "",
    "helpText": "Create a new user in xMatters.<br>Doesn't include every person field on the API, but hopefully the most useful ones.  You can even include custom properties on the user profile. Also makes a Work Email device.<br>The flow step is more forgiving than the naked API in several respects, e.g. you can pass on User Ids for Supervisors and a Site Name (instead of a cryptic UUID). If no roles are specified, Standard User is assumed. ",
    "isSystem": false,
    "uuid": "9d4e75f9-8aa7-4b98-91e9-f62ee301c6f5"
  },
  {
    "baseType": 0,
    "name": "Note3",
    "defaultValue": "true",
    "description": "",
    "helpText": "Delete a User from xMatters",
    "isSystem": false,
    "uuid": "45e96864-02c7-426b-9c6d-80cd5a78efcd"
  },
  {
    "baseType": 0,
    "name": "Note4",
    "defaultValue": "true",
    "description": "",
    "helpText": "Get an xMatters user object by passing in either the User ID or UUID",
    "isSystem": false,
    "uuid": "c12da9a1-0b9e-4381-9b36-efacdf378929"
  },
  {
    "baseType": 0,
    "name": "Note5",
    "defaultValue": "true",
    "description": "",
    "helpText": "Get an xMatters user object by passing in a name, e.g. Fred Bloggs. If you pass on just one name, e.g. Fred, we assume it is the first name.",
    "isSystem": false,
    "uuid": "6e67b4fb-e7e7-4698-8be7-3f5678037aac"
  },
  {
    "baseType": 0,
    "name": "Note6",
    "defaultValue": "true",
    "description": "",
    "helpText": "Returns a single xMatters subscription. If more than one subscription matches, only the first is returned. ",
    "isSystem": false,
    "uuid": "997480a5-fd93-48e3-ae95-2f6c1250856f"
  },
  {
    "baseType": 0,
    "name": "Note7",
    "defaultValue": "true",
    "description": "",
    "helpText": "Is the User a member of a certain group in xMatters? If not, tries to offer a reason why, e.g. no such group, user etc.",
    "isSystem": false,
    "uuid": "30992017-5050-430c-b88a-adbf23b694ac"
  },
  {
    "baseType": 0,
    "name": "Note8",
    "defaultValue": "true",
    "description": "",
    "helpText": "Powerful step for removing a user from one of more groups. Also lets you remove directly targeted devices.  Can be a user or a device or an 'AND' combination of user and device types. If you pass in a device name, any user who happens to have that device directly targeted will also be removed from the group. If you pass in only a deviceName/deviceType, it removes all such devices. Inputs are not case-sensitive. ",
    "isSystem": false,
    "uuid": "cc1d449b-0adc-4ff7-811f-309ca84fd4e5"
  },
  {
    "baseType": 0,
    "name": "Note9",
    "defaultValue": "true",
    "description": "",
    "helpText": "Can also be used to do the reverse, i.e. set inactive, or can just to toggle.",
    "isSystem": false,
    "uuid": "6f14370d-8798-45b7-ba9a-9957706edcd3"
  },
  {
    "baseType": 3,
    "name": "Parent Alert ID",
    "defaultValue": "",
    "description": "",
    "helpText": "",
    "isSystem": false,
    "minLength": 0,
    "maxLength": 30,
    "validationRegex": "",
    "isValidate": false,
    "uuid": "a7508f2a-0ed9-4692-9ae9-d5386d261fd1"
  },
  {
    "baseType": 3,
    "name": "Properties",
    "defaultValue": "",
    "description": "",
    "helpText": "Optional. Object with custom user properties { \"textField\": \"whatever\", \"checkboxField\": true}",
    "isSystem": false,
    "minLength": 0,
    "maxLength": 1000,
    "validationRegex": "",
    "isValidate": false,
    "uuid": "fdc0f519-9b86-4a36-ae78-697dfca2ed5b"
  },
  {
    "baseType": 3,
    "name": "Property Blacklist",
    "defaultValue": "",
    "description": "",
    "helpText": "The opposite of the White List, also used to prune output to a manageable size. A comma-separated list of properties you DO NOT care about. Case-sensitive.\n",
    "isSystem": false,
    "minLength": 0,
    "maxLength": 500,
    "validationRegex": "",
    "isValidate": false,
    "uuid": "c633aabc-16fa-4518-8e88-e671396f0ba0"
  },
  {
    "baseType": 3,
    "name": "Property Whitelist",
    "defaultValue": "",
    "description": "",
    "helpText": "Reduce output to a manageable size with a comma-separated list of properties you care about. Case-sensitive. Multiple levels are fine, just use a dot to descend into nested objects, e.g. site.name. ",
    "isSystem": false,
    "minLength": 0,
    "maxLength": 500,
    "validationRegex": "",
    "isValidate": false,
    "uuid": "01799707-b1a4-495e-a335-eff0d7492151"
  },
  {
    "baseType": 3,
    "name": "Query Path",
    "defaultValue": "/api/xm/1/groups/?offset=0&limit=20",
    "description": "",
    "helpText": "Query string on this xMatters instance. Usually starts /api/xm/1",
    "isSystem": false,
    "minLength": 0,
    "maxLength": 10000,
    "validationRegex": "",
    "isValidate": false,
    "uuid": "28a22278-1453-4785-aea9-ec99d0976765"
  },
  {
    "baseType": 3,
    "name": "Roles",
    "defaultValue": "[\"Standard User\",\"Group Supervisor\", \"Developer\"]",
    "description": "",
    "helpText": "Array of roles, e.g. [\"Standard User\",\"Group Supervisor\"]. If blank, No Access User is assumed.",
    "isSystem": false,
    "minLength": 0,
    "maxLength": 500,
    "validationRegex": "",
    "isValidate": false,
    "uuid": "a6206e25-6156-4b73-a0c2-fb2388cf3e4b"
  },
  {
    "baseType": 3,
    "name": "Script Output",
    "defaultValue": "",
    "description": "",
    "helpText": "",
    "isSystem": false,
    "minLength": 0,
    "maxLength": 20000,
    "validationRegex": "",
    "isValidate": false,
    "uuid": "5b997c8d-219f-4d29-a8f9-6b557acc8d77"
  },
  {
    "baseType": 3,
    "name": "Site Name (cxmu)",
    "defaultValue": "Default Site",
    "description": "Create xM User step",
    "helpText": "Every user needs a site. Most xMatters instances have \"Default Site\" as standard, unless deleted / modified.",
    "isSystem": false,
    "minLength": 0,
    "maxLength": 100,
    "validationRegex": "",
    "isValidate": false,
    "uuid": "8b72c3bd-461e-446a-8bcd-4f3ec31b960b"
  },
  {
    "baseType": 3,
    "name": "Site Name (gsid)",
    "defaultValue": "Default Site",
    "description": "For Get Site ID step",
    "helpText": "Name (or even the UUID) of xMatters site. Site names are max 100 characters. Not case-sensitive.",
    "isSystem": false,
    "minLength": 0,
    "maxLength": 100,
    "validationRegex": "",
    "isValidate": false,
    "uuid": "26fae4e2-7dad-4686-a338-dcc7805b1381"
  },
  {
    "baseType": 21,
    "name": "Step To Run",
    "description": "",
    "helpText": "",
    "isSystem": false,
    "values": [
      {
        "value": "Get Site ID",
        "isDefault": false,
        "isVisible": true
      },
      {
        "value": "Create xM User",
        "isDefault": false,
        "isVisible": true
      },
      {
        "value": "Delete xM User",
        "isDefault": false,
        "isVisible": true
      },
      {
        "value": "xM Get User",
        "isDefault": true,
        "isVisible": true
      },
      {
        "value": "xM Get User From Name",
        "isDefault": false,
        "isVisible": true
      },
      {
        "value": "Is User Member of Group?",
        "isDefault": false,
        "isVisible": true
      },
      {
        "value": "xM Remove User from SOME Groups",
        "isDefault": false,
        "isVisible": true
      },
      {
        "value": "xM Set User Active",
        "isDefault": false,
        "isVisible": true
      },
      {
        "value": "Get Users From Email",
        "isDefault": false,
        "isVisible": true
      },
      {
        "value": "xMAPI Get Big Result",
        "isDefault": false,
        "isVisible": true
      }
    ],
    "uuid": "de11a8f5-fbb7-45e1-affb-051f71109138"
  },
  {
    "baseType": 3,
    "name": "Supervisors",
    "defaultValue": "[\"kermit\",\"colonel.tom\"]",
    "description": "",
    "helpText": "Users need a supervisor (with appropriate role). Array of supervisor logins or UUID [\"481086d8-357a-4279-b7d5-d7dce48fcd12\"]",
    "isSystem": false,
    "minLength": 0,
    "maxLength": 500,
    "validationRegex": "",
    "isValidate": false,
    "uuid": "5119834b-0efe-4495-b935-12612ae8da8e"
  },
  {
    "baseType": 3,
    "name": "Timezone",
    "defaultValue": "Europe/London",
    "description": "",
    "helpText": "If left blank, time zone is inherited from Site tz setting",
    "isSystem": false,
    "minLength": 0,
    "maxLength": 50,
    "validationRegex": "",
    "isValidate": false,
    "uuid": "580f481a-74a6-4bc1-9dd7-84a95e1eb220"
  },
  {
    "baseType": 3,
    "name": "User ID (cxmu)",
    "defaultValue": "taylor.swift",
    "description": "Create xMatters User step",
    "helpText": "Maximum 100 characters",
    "isSystem": false,
    "minLength": 0,
    "maxLength": 100,
    "validationRegex": "",
    "isValidate": false,
    "uuid": "611e8142-ad98-44d2-8087-da13fa8b4020"
  },
  {
    "baseType": 3,
    "name": "User ID (dxmu)",
    "defaultValue": "taylor.swift",
    "description": "Delete xM User",
    "helpText": "Either User ID or UUID",
    "isSystem": false,
    "minLength": 0,
    "maxLength": 100,
    "validationRegex": "",
    "isValidate": false,
    "uuid": "a86e945b-3ea4-4846-85a5-8bee73b379ba"
  },
  {
    "baseType": 3,
    "name": "User ID (iumog)",
    "defaultValue": "taylor.swift",
    "description": "",
    "helpText": "User ID. Not case-sensitive.",
    "isSystem": false,
    "minLength": 0,
    "maxLength": 100,
    "validationRegex": "",
    "isValidate": false,
    "uuid": "32beb4ae-f5ad-404c-a792-969045d0b3c5"
  },
  {
    "baseType": 3,
    "name": "User ID (rufsg)",
    "defaultValue": "taylor.swift",
    "description": "Remove User from Some Groups",
    "helpText": "User ID or UUID",
    "isSystem": false,
    "minLength": 0,
    "maxLength": 100,
    "validationRegex": "",
    "isValidate": false,
    "uuid": "bf614d95-80cb-4f65-b1ae-52a37ef6a023"
  },
  {
    "baseType": 3,
    "name": "User ID (xmgu)",
    "defaultValue": "taylor.swift",
    "description": "xM Get User",
    "helpText": "User ID or UUID",
    "isSystem": false,
    "minLength": 0,
    "maxLength": 100,
    "validationRegex": "",
    "isValidate": false,
    "uuid": "67fb8eec-bcdd-478d-9ba4-08b985255a3d"
  },
  {
    "baseType": 3,
    "name": "User ID (xmusa)",
    "defaultValue": "",
    "description": "",
    "helpText": "User ID or UUID",
    "isSystem": false,
    "minLength": 0,
    "maxLength": 100,
    "validationRegex": "",
    "isValidate": false,
    "uuid": "ae6c8dfb-60cc-461e-bfbd-d5aab1101ceb"
  },
  {
    "baseType": 0,
    "name": "Value Filter Case-Sensitive?",
    "defaultValue": "false",
    "description": "",
    "helpText": "Set to true for case-sensitive matching, e.g. FRED@example.com",
    "isSystem": false,
    "uuid": "118ac85d-6ea5-44b1-91c5-c48da15e4c18"
  },
  {
    "baseType": 3,
    "name": "Value Filter Property",
    "defaultValue": "",
    "description": "",
    "helpText": "A single property to check the value of, e.g. emailAddres",
    "isSystem": false,
    "minLength": 0,
    "maxLength": 100,
    "validationRegex": "",
    "isValidate": false,
    "uuid": "98e8a238-607f-47a4-a1fd-93a1f165a52e"
  },
  {
    "baseType": 0,
    "name": "Value Filter Substring Match?",
    "description": "",
    "helpText": "Set to true to allow substring matches in the value filter, e.g. fred ",
    "isSystem": false,
    "uuid": "293e44aa-911b-4574-b098-d1067a564e94"
  },
  {
    "baseType": 3,
    "name": "Value Filter Value",
    "defaultValue": "",
    "description": "",
    "helpText": "Value of this property e.g. fred@example.com",
    "isSystem": false,
    "minLength": 0,
    "maxLength": 1000,
    "validationRegex": "",
    "isValidate": false,
    "uuid": "7cdff2eb-2104-415d-b8f5-5625d052f2ab"
  }
]