[
  {
    "id": "fc6f60f8-4a99-40b1-8375-85e9f7499ef9",
    "name": "xM Get User",
    "description": "xMatters utility. Returns an xMatters user. Custom step by Richard Selby, xMatters Consulting, June 2023",
    "icon": "https://s3-xmatters-static.s3.amazonaws.com/null/customers/b1d45caa-e9a4-4422-9702-5aece4f445a0/IMAGE__20220509160844058__sikh.jpeg",
    "script": "const log = msg => console.log(msg); // Quick log\nconst title = 'xM Get User';\n\nlet user = input.user;\nlog(`${title} step started for ${user}`);\n\n\nlet request = http.request({\n    endpoint: 'xMatters',\n    method: 'GET',\n    path: '/api/xm/1/people/' + encodeURIComponent(user)\n  });\n\n\nlet response = request.write();\nlet statusCode = response.statusCode;\nlet body = JSON.parse(response.body);\n\nif (statusCode != 200) { // Bad\n    log(`Uh-oh. Cannot find user`);\n    output.error = true;\n    output.errMsg = `${statusCode} ${body.reason} ${body.message}`;\n    output.gotIt = false;\n}    \n\nelse { // Good\n    log(`Found user`);\n    output['UUID'] = body.id;\n    output['User Object'] = body;\n    output['targetName'] = body.targetName;\n    output.status = body.status;\n    output.name = body.firstName + ' ' +body.lastName;\n    output.site = body.site.name;\n    output.webLogin = body.webLogin;\n    output.error = false;\n    output.gotIt = true;\n}\n\nlog(`${title} step finished\\n`);",
    "endpointAuthType": "XMATTERS",
    "endpointLabel": "xMatters",
    "allowedEnvironment": "HOSTED",
    "accessibleByAll": "NotShared",
    "stage": "DEPLOYED",
    "scriptStepType": "USER",
    "inputs": [
      {
        "id": "a1f44ad8-8dca-4901-81cb-c8272f1dce82",
        "name": "user",
        "helpText": "xMatters User Id or UUID. Not case-sensitive.",
        "defaultValue": "",
        "multiline": false,
        "required": true,
        "validationRegex": "",
        "maxLength": 2000,
        "minLength": 0,
        "position": 0
      }
    ],
    "outputs": [
      {
        "id": "294eba8a-8c6a-4ce8-adc9-ca6826f38cf1",
        "name": "UUID",
        "description": "UUID of user",
        "position": 0
      },
      {
        "id": "de062bfd-dfb2-4a93-a72d-be547101e5c8",
        "name": "targetName",
        "description": "aka the User ID",
        "position": 1
      },
      {
        "id": "48cd4f5c-57a3-4349-a334-0d84a6769d5b",
        "name": "webLogin",
        "description": "Often used for SSO",
        "position": 2
      },
      {
        "id": "a2cfa2f8-96cd-448a-84e5-cae3e8d5e09a",
        "name": "site",
        "description": "User's site",
        "position": 3
      },
      {
        "id": "ec37d488-3067-41f1-ae54-bc3b596669ba",
        "name": "User Object",
        "description": "Full JSON object from the xMatters API, if you need to parse out more values",
        "position": 4
      },
      {
        "id": "4c4cbe50-2848-4af7-a981-b5e38242fe36",
        "name": "gotIt",
        "description": "Flag. true if we have found the user. false if we haven't",
        "position": 5
      },
      {
        "id": "7c817d2e-bf05-401c-9951-83097ca4ac6e",
        "name": "name",
        "description": "First name and last name",
        "position": 6
      },
      {
        "id": "b3a8045b-178e-422e-b98b-3afea9a2a1e2",
        "name": "status",
        "description": "e.g. active",
        "position": 7
      },
      {
        "id": "93accfa7-4e43-411f-9d06-b49461b8d5ed",
        "name": "error",
        "description": "true on error",
        "position": 8
      },
      {
        "id": "5a278ae9-6c20-4931-9606-967046dc5fab",
        "name": "errMsg",
        "description": "",
        "position": 9
      }
    ],
    "libraries": []
  },
  {
    "id": "aafe1cc1-c4b5-4867-a357-4667a754103e",
    "name": "xMAPI Get Big Result",
    "description": "Utility step. Runs an xMatters API Get query. Ideal for querying Groups or People. Works with large paged result sets. Use the Blacklist input to filter out properties in the data you don't care about in order to get a smaller set. Or instead use Whitelist to mark properties to keep. Restrict to Active only. Set a maximum character count so you don't exceed the Flow Designer 20k max output. Returns a result object with a data array of objects just like xM API. Custom step by Richard Selby, xMatters Consulting, Feb 2023",
    "icon": "https://s3-xmatters-static.s3.amazonaws.com/null/customers/b1d45caa-e9a4-4422-9702-5aece4f445a0/IMAGE__20230213125358224__xm_API_2.png",
    "script": "const log = msg => console.log(msg); // Quick log\nconst title = 'xMAPI Get Big Result';\nlog(`${title} step started`);\n\nlet{ path, property_whitelist, property_blacklist, black_or_white, active, max} = input;\n\n// Figure out white and blacklists\nlet use_whitelist = false, use_blacklist = false;\nlet whitelist, blacklist; // arrays of values\n\nif (black_or_white && typeof black_or_white=='string') {\n    black_or_white = black_or_white.toLowerCase();\n    if (black_or_white=='whitelist' && property_whitelist && property_whitelist.length) {\n        use_whitelist= true;\n        use_blacklist= false;\n        whitelist = splitAndTrim(property_whitelist); \n    }\n    else if (black_or_white=='blacklist' && property_blacklist && property_blacklist.length) {\n        use_whitelist= false;\n        use_blacklist= true;\n        blacklist = splitAndTrim(property_blacklist); \n    }\n}\n\n// Do we care about status=active?\n// The contortions with typeof are designed to support a checkbox on a form (type boolean) as well as a string\nlet only_active = false;\nif (active && (typeof active=='string' || typeof active=='boolean') &&  active.toString().toLowerCase()=='true'){\n    only_active = true;\n} \n\n// Do we care about max length?\n// Remember, max size of an input in FD is 20k chars\n// So it's probably a good idea to use this\nif (max && parseInt(max, 10))\n    max = parseInt(max,10);\nelse\n    max = false;\n\n// Value filtering. A chance to focus on just one value, e.g. when \n// looking for all users with a certain email address\nlet valueFilter_prop = false;\nlet valueFiler_value = false;\nlet valueFilter_case_sensitive_match,  valueFilter_substring_match;// flags\n\nif (input.valueFilter_prop)\n    valueFilter_prop = input.valueFilter_prop;\n    \nif (input.valueFilter_value)\n    valueFilter_value = input.valueFilter_value;\n\nif (input.valueFilter_caseSensitive && input.valueFilter_caseSensitive.toLowerCase()=='true')\n    valueFilter_case_sensitive_match = true;\nelse \n    valueFilter_case_sensitive_match = false;\n\nif (input.valueFilter_substringMatch && input.valueFilter_substringMatch.toLowerCase()=='true')\n    valueFilter_substring_match = true;\nelse \n    valueFilter_substring_match = false;\n\n\n// Remind ourselves what we're doing    \nlog(`Query path is \"${path}\"`);\n\nif (use_whitelist) \n    log(`Using Whitelist: ${whitelist}`);\nif (use_blacklist) \n    log(`Using Blacklist: ${blacklist}`);\nif (only_active)\n    log(`Retaining status=active records only`);\nif (max)\n    log(`Output length less than ${max} characters`)\n    \nif (valueFilter_prop && valueFilter_value)\n    log(`Using value filter. Property is ${valueFilter_prop} and value is ${valueFilter_value} [case-${valueFilter_case_sensitive_match?'sensitive':'insensitive'} ${valueFilter_substring_match?'subtring-':'entire-string-'}match]`)\n\n\n// Finally, down to business\nlet resultObj = getxMPaged(path);\n\nif (!resultObj || !resultObj.data) {\n    log(`No results`);\n    output.warning='true';\n    output.warningMsg = 'No results';\n    return;\n}\n\n\n// Reduce the data object according to whitelist, blacklist, active, max length\nlog(`\\nFiltering returned data...`);\n\nlet filterdDataArray = [];\nlet count = resultObj.count;\nlet charCount = 60; // Allow for boilerplate stuff, e.g. {}, pages:xx, count:yyy\n\nfor (let i=0; i<count; i++) {\n    let oldData = resultObj.data[i];\n    let newData = {};\n    \n    // Most xmAPI calls have these, but not all.\n    // Setting a default just for logs.\n    let targetName = '[MISSING]';\n    let status = '[MISSING]';\n    \n    if (oldData && oldData.targetName)\n        targetName = oldData.targetName;\n    if (oldData && oldData.status)\n        status = oldData.status;\n    \n   log(`Loop ${i} ${targetName} status ${status}`);\n    \n    if (only_active) { \n        if (status != 'ACTIVE'){\n            log(`Not active. Skipping`);\n            continue;\n        }\n    }\n    \n    if (use_whitelist) {\n        for (let w=0; w<whitelist.length;w++) {\n            let propertyName = whitelist[w];\n\n            //MrT: 20230308: manage objects in whitelist.  Allow white list to include white list value such as site.name\n            if(propertyName.indexOf(\".\") > -1) {\n                \n                //we have an object so split it out and walk through the data until we find a value\n                let propertyObjectParts = propertyName.split(\".\");\n                let propertyObjectPartsLength = propertyObjectParts.length;\n                log(`Whitelist property is object: ${propertyName} with ${propertyObjectPartsLength} key${propertyObjectPartsLength==1?'':'s'}`);\n                let propertyObjectKey = \"\";\n                let propertyObject = \"\";\n\n                //start looping through our data\n                for (var p = 0; p<propertyObjectPartsLength; p++) {\n                    propertyObjectKey = propertyObjectParts[p];\n\n                    //First time through, propertyObject will be a String so we set propertyObject to be the oldData object\n                    // thereafer, we work with the propertyObject\n                    if(typeof (propertyObject) != 'object'){\n                        if(typeof (oldData[propertyObjectKey]) == 'object'){\n                            propertyObject = oldData[propertyObjectKey]; //this is now site: {id:id, name:name}\n                            continue; //bust out of loop\n                        }\n                        else {\n                            //someone may have specified a whitelist object that is not an object.  If so, check if the key exists.\n                            //If the key exists then get the value.\n                            //Either way, break out of the loop\n                            if(typeof (oldData[propertyObjectKey]) != 'undefined'){\n                                newData[propertyName] = oldData[propertyObjectKey];\n                            }\n                            break;\n                        }\n                    } \n                    else {\n                        //The next key may also be an object, if so reset PropertyObject to the new object\n                        if(typeof (propertyObject[propertyObjectKey]) == 'object'){\n                            propertyObject = propertyObject[propertyObjectKey]; \n                            continue; //bust out of loop\n                        }else{\n                            //Eventually we expect to get to an actual data object so get the value and force out of the loop\n                            newData[propertyName] = propertyObject[propertyObjectKey];\n                            break;\n                        }\n                    }\n                }\n            } //MrT: end\n            else { \n            \n                if (typeof (oldData[propertyName]) != 'undefined') {\n                   //log(`Property ${propertyName} on whitelist; value ${oldData[propertyName]}`);\n                    newData[propertyName] = oldData[propertyName];\n                }\n            }\n        } // for\n    }  // use_whitelist\n    \n    else if (use_blacklist) {\n        for (let propertyName in oldData) {\n            if (!blacklist.includes(propertyName)) {\n                //log(`Property ${propertyName} is ok`);\n                newData[propertyName] = oldData[propertyName];\n            }\n            else {\n              // log(`Property ${propertyName} on blacklist. Skipping`)\n            }\n        }\n        \n    }\n    \n    else { // Neither blacklist nor whitelist? We take the lot\n        newData = oldData; \n    }\n\n\n    if (JSON.stringify(newData) === '{}') {\n        log(`NewData is empty. Nothing to add. Skipping`);\n        continue;\n    }\n \n\n     if (i<3)     // Logging newData during development\n        log(`newData ${JSON.stringify(newData)}`);\n    \n       \n    // Extra level of filtering base on value of one specific property\n/*\n    let valueFilter_prop = 'emailAddress';\n    let valueFilter_value = 'RICHSelby';\n    let valueFilter_case_sensitive_match = false;\n    let valueFilter_substring_match = true;\n*/\n    if (valueFilter_prop && valueFilter_value && newData[valueFilter_prop]) {\n        let matched = false;\n        let val = newData[valueFilter_prop];\n     //   log(`Value-filtering. Looking for newData.${valueFilter_prop} is ${val} case-${valueFilter_case_sensitive_match?'':'in'}sensitive ${valueFilter_substring_match?'sub':'all'}-string match`);\n            \n        // case-sensitive, entire string\n        if (valueFilter_case_sensitive_match && !valueFilter_substring_match) {\n            if (valueFilter_value == val) {\n             //   log(`Found what we're looking for, case-sens all`);\n                matched = true;\n            }\n        }\n        // case-insensitive, entire string\n        else if (!valueFilter_case_sensitive_match && !valueFilter_substring_match) {\n            if (valueFilter_value.toLowerCase() == val.toLowerCase()) {\n              //  log(`Found what we're looking for, case-insens all`);\n                matched = true;\n            }\n        }\n        // case-sensitive, substring match \n        else if (valueFilter_case_sensitive_match && valueFilter_substring_match) {\n            if (val.includes(valueFilter_value))  {\n              //  log(`Found what we're looking for, case-sens substring`);\n                matched = true;\n            }\n        }\n        // case-insensitive, substring match \n        else if (!valueFilter_case_sensitive_match && valueFilter_substring_match) {\n            if (val.toLowerCase().includes(valueFilter_value.toLowerCase())) {\n              //  log(`Found what we're looking for, case-insens substring`);\n                matched = true;\n            }\n        }\n        \n        if (matched) {\n            log(`Value-filter matched. newData.${valueFilter_prop} is ${val} (case-${valueFilter_case_sensitive_match?'':'in'}sensitive ${valueFilter_substring_match?'sub':'all'}-string match)`);\n        }\n        else {\n            continue;\n        }\n    }\n    \n    let objLen = JSON.stringify(newData).length;\n    \n    if (i<3)\n      log(`objLen is ${objLen}, previous charCount is ${charCount}`);\n    \n    let newCharCount = charCount + objLen;\n    \n    if (newCharCount > max) {\n        log(`An object too far. Adding this would take us to ${newCharCount}, ${newCharCount - max} over the ${max} char max`);\n        output.warning = true;\n        output.warningMsg = `Data truncated to fit max length. Omited final ${count-i} items of data`;\n        break;\n    }    \n\n    \n    filterdDataArray.push(newData);\n    charCount = newCharCount;\n    \n}// for\n\n\nlog(`\\nFinished filtering`);\n\nlet newCount = filterdDataArray.length;\n\nif(newCount != count) {\n    log(`Data size ${(newCount<count?'reduced':'INCREASED??')} from ${count} to ${newCount}`);\n}\n\nlet outObj = {\n    pages: resultObj.pages,\n    count: newCount,\n    total: newCount, \n    data: filterdDataArray\n};\n\n\noutput.count = newCount;\noutput.xmapi_result = outObj;\n\nlog(`${title} step finished\\n`);\n\n\n\n/* Wrapper around an xMAPI GET query designed to work with paged results.\n * Returns a complete data object, where count and total are the same, because\n * that's all of the data. Returns an object just like xMAPI, except for no links\n * at end and an additional 'pages' property which shows how many pages it took. E.g.\n {\"pages\": 9,\n  \"count\": 999,\n  \"total\": 999,\n  \"data\": \n  [ {\"id\" : \"8f2d98ed-eaa9-4b0b-b366-c1db06b27e1f\", ..}, \n    ...\n  ]\n}\n */\nfunction getxMPaged(path, previous_body=false) {\n   log('getxMPaged for \"' + path + '\"');\n   /* if (typeof previous_body =='boolean')\n        log(`getxMPaged previous_body is ${JSON.stringify(previous_body)}`);\n    else if (typeof previous_body =='object')\n        log(`getxMPaged previous_body is object \\n${JSON.stringify( previous_body)}`);\n    else \n        log(`getxMPaged previous_body is unexpectedly type ${typeof previous_body}`);\n    */\n    \n   let chunk = getMore(path);\n   \n   if (!chunk) {\n       log(\"Whoops, no data returned from xMatters API\");\n       return false;\n   }\n   if (typeof chunk !== 'object') {\n       log(\"Whoops, expected an object, got \"+typeof chunk);\n       return false;\n   }\n   \n   let biggerData = {};\n   let count = chunk.count;\n   let total = chunk.total;\n   \n   log(`Got chunk. Count is ${count}, total is ${total}`);\n   \n   \n   if (previous_body.data && Array.isArray(previous_body.data) && chunk.data && Array.isArray(chunk.data)) {\n        log(`Page ${ previous_body.pages + 1}. Combining previous_body with new data`);\n        biggerData.pages = previous_body.pages + 1;\n        biggerData.count = previous_body.count + count;\n        biggerData.total = total;// shouldn't change from call to call\n        biggerData.data = previous_body.data.concat(chunk.data);\n        //biggerData.data = chunk.data.concat(previous_body.data);\n        \n        log(`Data array size is ${biggerData.data.length}`);\n    }\n    else {\n        if (count == total)\n            log(`All in one hit. Count is ${count}, total is ${total}`);\n        else\n            log('First hit of data. Nothing to combine but more to come');\n        \n        // Tidy it up, by removing links and adding a page count. \n        // Don't really need a page count, but interesting.\n    \n        biggerData = {\n            pages: 1,\n            count: count,\n            total: total,\n            data: chunk.data\n        }\n        log(`Data array size is ${biggerData.data.length}`);\n    }\n        \n   if (chunk.links.next) {\n       log(\"More to fetch via next link...\\n\");\n       let next = chunk.links.next;\n        //log(`getxMPaged biggerData type ${typeof biggerData}`);\n        return getxMPaged(next, biggerData);\n   }\n   \n   log(\"No next link so no more data\\n\");\n   return biggerData;\n}\n\n/** Get info from xMatters\n  * Returns the payload body as an object\n  * False on error\n  */\nfunction getMore( path ) {\n    log( 'getMore for \"' + path + '\"' );\n   \n    var request = http.request({\n      \"endpoint\": \"xMatters\",\n      \"path\": path,\n      \"method\": \"GET\"\n    });\n\n    let response = request.write();\n    let statusCode = response.statusCode;\n    \n    let body = JSON.parse(response.body);\n    \n    if (statusCode != 200){\n        //{\"code\":404,\"message\":\"Invalid URL\",\"reason\":\"Not Found\"}\n        log(`getMore: status code is ${statusCode}`);\n        \n        output.error = true;\n        output.errorMsg = `${statusCode} ${body.reason} ${body.message}`.trim();\n        return false;\n    }    \n    \n   return body;\n}\n\n// Split a string into an array and trim at same time\nfunction splitAndTrim(str) {\n    return str.split(\",\").map(item => item.trim());\n}\n",
    "endpointAuthType": "XMATTERS",
    "endpointLabel": "xMatters",
    "allowedEnvironment": "HOSTED",
    "accessibleByAll": "NotShared",
    "stage": "DEPLOYED",
    "scriptStepType": "USER",
    "inputs": [
      {
        "id": "2ff43f5c-85b4-41b5-acea-bd75d76c6bf3",
        "name": "path",
        "helpText": "xMatters API path e.g. /api/xm/1/groups/. You can specify an offset and a limit if you want, e.g. ?offset=0&limit=10",
        "defaultValue": "/api/xm/1/groups/?offset=0&limit=10",
        "multiline": false,
        "required": true,
        "validationRegex": "",
        "maxLength": 2000,
        "minLength": 0,
        "position": 0
      },
      {
        "id": "53cf015c-d98a-4fde-a5d1-778e7d8a0a3c",
        "name": "property_whitelist",
        "helpText": "Comma separated list of properties you care about. Case-sensitive. Use a dot to descend into nested objects, e.g. site.name. Multiple levels fine.",
        "defaultValue": "",
        "multiline": false,
        "required": false,
        "validationRegex": "",
        "maxLength": 20000,
        "minLength": 0,
        "position": 1
      },
      {
        "id": "138f65d5-a6c2-4bcb-9a8b-e504ac10a236",
        "name": "property_blacklist",
        "helpText": "Comma separated list of properties you DO NOT care about. Case-sensitive.",
        "defaultValue": "",
        "multiline": false,
        "required": false,
        "validationRegex": "",
        "maxLength": 20000,
        "minLength": 0,
        "position": 2
      },
      {
        "id": "4f99f722-92c0-47b0-b277-e9df2d4666a2",
        "name": "black_or_white",
        "helpText": "Set to either blacklist, whitelist or leave blank. Controls which list (if any) you use. Can't use both.",
        "defaultValue": "whitelist",
        "multiline": false,
        "required": false,
        "validationRegex": "",
        "maxLength": 9,
        "minLength": 0,
        "position": 3
      },
      {
        "id": "4d882174-147d-455e-a09f-ef9d139e314b",
        "name": "active",
        "helpText": "Filter. Set to true to return only status active records.",
        "defaultValue": "",
        "multiline": false,
        "required": false,
        "validationRegex": "",
        "maxLength": 6,
        "minLength": 0,
        "position": 4
      },
      {
        "id": "95fb53a2-5d63-46a9-8e78-5600fc8788a9",
        "name": "max",
        "helpText": "Prevents the output JSON getting too large, ensures a well formed payload under this size.",
        "defaultValue": "19900",
        "multiline": false,
        "required": false,
        "validationRegex": "",
        "maxLength": 6,
        "minLength": 0,
        "position": 5
      },
      {
        "id": "8ee8621a-8991-4957-9f1b-19c139753ce6",
        "name": "valueFilter_prop",
        "helpText": "Single property to check the value of, e.g. emailAddress",
        "defaultValue": "",
        "multiline": false,
        "required": false,
        "validationRegex": "",
        "maxLength": 100,
        "minLength": 0,
        "position": 6
      },
      {
        "id": "c74ca69c-e250-4552-af81-ba5bd8906ccf",
        "name": "valueFilter_value",
        "helpText": "Value of this property e.g. fred@example.com",
        "defaultValue": "",
        "multiline": false,
        "required": false,
        "validationRegex": "",
        "maxLength": 100,
        "minLength": 0,
        "position": 7
      },
      {
        "id": "ba655e30-ff03-46e2-849f-e43ecd476204",
        "name": "valueFilter_caseSensitive",
        "helpText": "true for case-sensitive matching, e.g. FRED@example.com",
        "defaultValue": "true",
        "multiline": false,
        "required": false,
        "validationRegex": "",
        "maxLength": 8,
        "minLength": 0,
        "position": 8
      },
      {
        "id": "d53fd07d-7ec4-4893-a7eb-91a115f907c3",
        "name": "valueFilter_substringMatch",
        "helpText": "true to allow substring matches, e.g. fred",
        "defaultValue": "false",
        "multiline": false,
        "required": false,
        "validationRegex": "",
        "maxLength": 8,
        "minLength": 0,
        "position": 9
      }
    ],
    "outputs": [
      {
        "id": "4b65926b-b637-449d-a4f5-b83f7704cb40",
        "name": "xmapi_result",
        "description": "Result JSON object",
        "position": 0
      },
      {
        "id": "4135d8e4-2e58-4b06-b523-2bc2f2361282",
        "name": "count",
        "description": "Count of records returned",
        "position": 1
      },
      {
        "id": "b473a0df-7078-49ae-b6fb-89654c8f575a",
        "name": "warning",
        "description": "true or false",
        "position": 2
      },
      {
        "id": "fcf96ffb-ee9b-4e59-90be-7a07f509b3df",
        "name": "warningMsg",
        "description": "Shows if data truncated due to max length considerations",
        "position": 3
      },
      {
        "id": "6c6e1e97-d00b-4fcd-9304-d4e5b7c649dc",
        "name": "error",
        "description": "true of false",
        "position": 4
      },
      {
        "id": "26831871-2306-4f9f-9a3d-a31b3ef657e1",
        "name": "errorMsg",
        "description": "Bad query",
        "position": 5
      }
    ],
    "libraries": []
  },
  {
    "id": "15e1881e-bb32-484a-bf93-6241a3089fbc",
    "name": "xM Remove User from SOME Groups",
    "description": "Utility for removing users, or directly targeted devises, from a group. Or even multiple groups. Can be a user or a device or an 'AND' combination of user and device types. If you pass in a device name, any user who happens to have that device directly targeted will also be removed from the group. If you pass in only a deviceName/deviceType, it removes all such devices. Inputs are not case-sensitive. By Richard Selby, August 2023",
    "icon": "https://s3-xmatters-static.s3.amazonaws.com/null/customers/b1d45caa-e9a4-4422-9702-5aece4f445a0/IMAGE__20230808182135718__2023_x_orange.png",
    "script": "const log = msg => console.log(msg); // Quick log\nconst title = 'xM Remove User from Groups';\n\nlog(`${title} step started`);\n\noutput['Groups Removed From'] = '';\noutput['Groups Removed From count'] = 0;\noutput['Groups Cannot Remove From'] = '';\noutput['Groups Cannot Remove From count'] = 0;\n\nif (!input.groupList) {\n    log(`No groups to remove from. Nothing to do\\n`);\n    return;\n}\nif (!(input.targetName || input.deviceNameFilter || input.deviceTypeFilter)){\n    log(`No idea what to remove. Nothing to do\\n`);\n    return;\n}\n\nlet groups = input.groupList.split(',').map(item=>item.trim());\nlet targetName_filter = input.targetName?       input.targetName.toLowerCase(): false;\nlet deviceName_filter = input.deviceNameFilter? input.deviceNameFilter.toLowerCase(): false;\nlet deviceType_filter = input.deviceTypeFilter? input.deviceTypeFilter.toLowerCase(): false;\n\nlet grf = []; // groups removed from\nlet grf_rsn = []; // groups removed from reason \nlet gcrf = []; // groups cannot remove from\nlet gcrf_rsn = []; // groups cannot remove from reason\n\n\nfor (let i=0; i<groups.length; i++) {\n    let group = groups[i];\n    log(`${(i+1)} of ${groups.length}: Checking group ${group}`);\n    \n    let groupRoster = getGroupRoster(group);\n    \n    if (!groupRoster.found){\n        gcrf.push(group);\n        gcrf_rsn.push(`No such group '${group}'`)\n        continue;\n    }\n    \n    log(`Inspecting Roster for ${groupRoster.name}`);\n    let groupName_capitalised = groupRoster.name;\n    \n    let roster = groupRoster.roster;\n    \n    let notInGroup = true;\n    \n    for (let j=0; j<roster.length; j++) {\n        let r = roster[j];\n        log(`${(j+1)} of ${roster.length} ${r.targetName}`);\n        \n        let removeMe  = false;\n        let tname = r.targetName.toLowerCase();\n        let owner = r.ownerName.toLowerCase();\n        let tgtid = r.id; \n        let devtype = r.deviceType.toLowerCase();\n        let devname = r.deviceName.toLowerCase();\n        \n        // log(`targetName \"${tname}\", owner \"${owner}\", devtype \"${devtype}\", devname \"${devname}\"`);\n        // log(`targetName_filter \"${targetName_filter}\", deviceType_filter \"${deviceType_filter}\", deviceName_filter \"${deviceName_filter}\"`)\n        \n        // Three filters to consider\n        if (targetName_filter && deviceType_filter && deviceName_filter) {\n            if ( (owner == targetName_filter ) && (devtype == deviceType_filter) && (devname == deviceName_filter))\n              removeMe = true;\n        }\n        else if (targetName_filter && deviceType_filter) {\n            if ( (owner == targetName_filter ) && (devtype == deviceType_filter))\n              removeMe = true;\n        }\n        else if (targetName_filter && deviceName_filter){\n            if ( (owner == targetName_filter ) && (devname == deviceName_filter))\n              removeMe = true;\n        }\n        else if ( deviceType_filter && deviceName_filter) {\n            if ((devtype == deviceType_filter) && (devname == deviceName_filter))\n              removeMe = true;\n        }\n        \n        else if (targetName_filter ) {\n            if (owner == targetName_filter )\n                removeMe = true;\n        }\n        else if (deviceType_filter) {\n            if (devtype == deviceType_filter)\n                removeMe = true;\n        } \n        else if (deviceName_filter) {\n            if (devname == deviceName_filter)\n                removeMe = true;\n        } \n        \n        \n        if (removeMe){\n            //(`TODO - Removing ${tname} from ${groupName_capitalised}`);\n            notInGroup = false;\n            let rv = removeFromGroupRoster(groupName_capitalised, tname);\n            \n          //  log(`Return value ${JSON.stringify(rv)}`)\n            \n            if (rv.ok) {\n                grf.push(groupName_capitalised);\n                grf_rsn.push(rv.reason);\n            }\n           else {\n                gcrf.push(groupName_capitalised);\n                gcrf_rsn.push(rv.reason);\n            }\n        }\n    } // for j\n    \n    \n   if (notInGroup){\n        gcrf.push(groupRoster.name);\n        gcrf_rsn.push(`Not present in ${groupRoster.name} group`);\n   }\n    \n} // for i\n\n\noutput['Groups Removed From'] = grf.join(',');\noutput['Groups Removed From count'] = grf.length;\noutput['Groups Removed From reason'] = grf_rsn.join('; ');\noutput['Groups Cannot Remove From'] = gcrf.join(',');\noutput['Groups Cannot Remove From count'] = gcrf.length;\noutput['Groups Cannot Remove From reason'] = gcrf_rsn.join('; ');\n\n\nlog(`${title} step finished\\n`);\n\n\n\n// getGroupRoster()\n// Returns an object representing a simplified view of the group roster.\n// Limitations: Considers people and directly targeted devices as member. Omits\n// nested groups and dynamic teams. Does not page either. Makes no allowance for \n// groups which are inactive.\n// Returns an object with some upper info re the group, and a roster array \n// Like this\n/* \n   {\n   \"name\":\"Artists\",\n   \"found\":true,\n   \"id\":\"e37a5785-72be-4a30-b116-12fbc9526306\",\n   \"groupType\":\"ON_CALL\",\n   \"roster\":[\n      {\n         \"targetName\":\"dali\",\n         \"ownerName\":\"dali\",\n         \"id\":\"26b055f6-8eb6-45d3-b2e0-82ae2f38ea21\",\n         \"recipientType\":\"PERSON\",\n         \"deviceName\":\"\",\n         \"deviceType\":\"\"\n      },\n      {\n         \"targetName\":\"dali|Work Email\",\n         \"ownerName\":\"dali\",\n         \"id\":\"c5a9ca49-6215-4682-8f60-ac2ca6d81d13\",\n         \"recipientType\":\"DEVICE\",\n         \"deviceName\":\"Work Email\",\n         \"deviceType\":\"EMAIL\"\n      },\n      {\n         \"targetName\":\"gustav|Personal Mobile 2 SMS\",\n         \"ownerName\":\"gustav\",\n         \"id\":\"ed5b7425-4a01-47f6-b84f-00c85ea56aa9\",\n         \"recipientType\":\"DEVICE\",\n         \"deviceName\":\"Personal Mobile 2 SMS\",\n         \"deviceType\":\"TEXT_PHONE\"\n      },\n      {\n         \"targetName\":\"tracey.emin\",\n         \"ownerName\":\"tracey.emin\",\n         \"id\":\"e1cf31c7-17f4-4692-9dda-cb2ba3a26d9c\",\n         \"recipientType\":\"PERSON\",\n         \"deviceName\":\"\",\n         \"deviceType\":\"\"\n      }\n   ]\n} */\nfunction getGroupRoster(grp) {\n    log(`\\ngetGroupRoster started for ${grp}`);\n\n    let group = { name: grp,\n                 found: false,\n                 id: ''\n                };\n    \n    let path = '/api/xm/1/groups/'+  encodeURIComponent(grp)+'/members';\n    \n    let request = http.request({\n      endpoint: 'xMatters',\n      method: 'GET',\n      path: path\n    });\n    \n    \n    let response = request.write();\n    let statusCode = response.statusCode;\n    let body = JSON.parse(response.body);\n\n    if (statusCode == 404) {\n        log(`Cannot find group ${grp}`); \n    }    \n    \n    else if (statusCode == 200){\n        let g = body.data[0].group;\n        group.found = true; \n        group.id = g.id;\n        group.name = g.targetName; // correct capitalisation\n        group.groupType = g.groupType;\n        \n        log(`Found ${group.name}. groupType is ${group.groupType}`);\n    }\n    \n    else {\n        log(`getGroup: status code is ${statusCode}`);\n    }\n\n\n    if (!group.found) {\n        // log(JSON.stringify(group));    \n        return group;\n    }\n    \n\n    // Work throgh the roster. Make a simplified view of roster,\n    // skipping nested groups and teams\n    let roster = [];\n    \n    let data = body.data;\n\n    for ( let i=0; i< data.length; i++) {\n        let member = data[i].member;\n        \n        let rt = member.recipientType;\n        if (!rt.match(/PERSON|DEVICE/)) {\n            log(`Skipping member ${member.targetName}. Recipient type is ${rt}. Only works with People and Devices`);\n            continue\n        }\n        \n        let r =  {  targetName:'',\n                    ownerName: '',\n                    id :'',\n                    recipientType:'',\n                    deviceName: '',\n                    deviceType :''\n                };\n        //\n        if (rt=='PERSON') {\n            r.targetName = member.targetName;\n            r.ownerName = member.targetName; // same as targetName\n            r.id = member.id;\n            r.recipientType = 'PERSON';\n        }\n        \n        else if (rt == 'DEVICE') {\n            r.targetName = member.targetName; \n            r.ownerName =  member.owner.targetName; // name of owner, to faciliate filtering\n            r.id = member.id; //id of device, to facilitate removal\n            r.recipientType = 'DEVICE';\n            r.deviceName = member.name;\n            r.deviceType = member.deviceType;\n        }\n        \n        roster.push(r);\n\n    }// for\n    group.roster = roster;\n    \n            \n    log(JSON.stringify(group));    \n    return group;\n}\n\n// removeFromGroupRoster()\n// Remove a member from group roster\n// returns an object {ok: boolean, reason: \"blah\"}\nfunction removeFromGroupRoster(grp, id) {\n    \n    log(`\\nremoveFromGroupRoster started for ${grp}::${id}`);\n    \n    let path = '/api/xm/1/groups/'+  encodeURIComponent(grp)+'/members/'+  encodeURIComponent(id);\n    \n    let request = http.request({\n      endpoint: 'xMatters',\n      method: 'DELETE',\n      path: path\n    });\n    \n    \n    let response = request.write();\n    let statusCode = response.statusCode;\n    let body = JSON.parse(response.body);\n\n    let msg = '';\n    let removed = false;\n    \n    if (statusCode == 200) {\n        removed = true;\n        msg = `${id} removed from ${grp}`;\n    }\n    else if (statusCode == 204) {\n        \n        msg =`${id} NOT a member of ${grp}`; \n    }    \n    else {\n        msg = `Uh-oh statusCode ${statusCode}`;\n    }\n    log(msg);\n    \n    return {ok: removed, reason:msg};\n}\n",
    "endpointAuthType": "XMATTERS",
    "endpointLabel": "xMatters",
    "allowedEnvironment": "HOSTED",
    "accessibleByAll": "NotShared",
    "stage": "DEPLOYED",
    "scriptStepType": "USER",
    "inputs": [
      {
        "id": "5e875068-21f2-4dad-9f51-1c7be828a602",
        "name": "groupList",
        "helpText": "One or more groups to check. Use comma-separated list if more than one.",
        "defaultValue": "",
        "multiline": false,
        "required": false,
        "validationRegex": "",
        "maxLength": 20000,
        "minLength": 0,
        "position": 0
      },
      {
        "id": "10458125-6262-4035-b788-0272ff3d593e",
        "name": "targetName",
        "helpText": "user ID or UUID of who to remove from group(s). Not case-sensitive.",
        "defaultValue": "",
        "multiline": false,
        "required": false,
        "validationRegex": "",
        "maxLength": 255,
        "minLength": 0,
        "position": 1
      },
      {
        "id": "050aa7ee-0e14-495d-ae04-3913b581ae54",
        "name": "deviceNameFilter",
        "helpText": "E.g. Work Email. A device name. If you use this, only matching target device gets removed. Not case-sensitive.",
        "defaultValue": "",
        "multiline": false,
        "required": false,
        "validationRegex": "",
        "maxLength": 20000,
        "minLength": 0,
        "position": 2
      },
      {
        "id": "05bcd9e5-dfea-4965-b57c-56e22cce4453",
        "name": "deviceTypeFilter",
        "helpText": "E.g. EMAIL|VOICE|TEXT_PHONE. If you set this, only devices with this device type are removed. By itself, you can use it to e.g. remove all directly targeted email devices. Not case-sensitive.",
        "defaultValue": "",
        "multiline": false,
        "required": false,
        "validationRegex": "",
        "maxLength": 20000,
        "minLength": 0,
        "position": 3
      }
    ],
    "outputs": [
      {
        "id": "8a68a6cd-8709-4d06-adb5-810a7f6a2bf4",
        "name": "Groups Removed From",
        "description": "comma-separated list of xMatters Groups the user has been successfully removed from",
        "position": 0
      },
      {
        "id": "2e0e9f0b-00e4-46e1-81f7-6b1b02348b44",
        "name": "Groups Removed From count",
        "description": "Number of groups user was removed from",
        "position": 1
      },
      {
        "id": "15c99c81-959b-4676-bc3f-c6e297ae817f",
        "name": "Groups Removed From reason",
        "description": "Who was removed from what. Semicolon- separated.",
        "position": 2
      },
      {
        "id": "4a9dd7e1-d3f3-4ed7-8266-709d1b99c5bd",
        "name": "Groups Cannot Remove From",
        "description": "comma-sep list of groups unable to remove, e.g. last supervisor/inactive/not exist/not a member of. Check logs for reasons.",
        "position": 3
      },
      {
        "id": "859e6a19-f7b5-4a35-8e1a-4dfc98d45fd7",
        "name": "Groups Cannot Remove From count",
        "description": "count of above",
        "position": 4
      },
      {
        "id": "f24b1587-bbea-4329-8907-cd0e59b8cae6",
        "name": "Groups Cannot Remove From reason",
        "description": "Who could not be removed from what. Semicolon separated.",
        "position": 5
      }
    ],
    "libraries": []
  },
  {
    "id": "b90c5df1-9b99-45ed-a1ad-9cf8fd68ab64",
    "name": "Delete xM User",
    "description": "Remove a user from xMatters",
    "icon": "https://s3-xmatters-static.s3.amazonaws.com/null/customers/b1d45caa-e9a4-4422-9702-5aece4f445a0/IMAGE__20230908165723025__Screenshot_2023_09_08_at_17.57.14.png",
    "script": "const log = msg => console.log(msg); // Quick log\nconst title = 'Delete xM User';\nlet user = input.user;\nlog(`${title} step started for ${user}`);\n\nlet ok\nok = delete_xM_User(user);\n\nif (!ok){\n    output.error = true;\n    output.deleted = false;\n}\nelse {\n    output.deleted = true;\n}\n\nlog(`${title} step finished for ${user}`);\n\n/* delete_xM_User()\n * Removes a user from xMatters\n * Returns true or false\n */\nfunction delete_xM_User(user){\n    log(`delete_xM_User started for ${user}`);\n    \n    \n     // Get going with the request\n    let request = http.request({\n        endpoint: 'xMatters',\n        method: 'DELETE',\n        path: '/api/xm/1/people/'+encodeURIComponent(user) \n    });\n    \n    \n\n    \n    let response = request.write();\n    let statusCode = response.statusCode;\n    let body = JSON.parse(response.body);\n\n\n    if (statusCode == 204) { // Not found\n        let errMsg = (`Cannot delete user ${user}. No such user`);\n        log(errMsg);\n        output.errMsg = errMsg;\n        return false;\n    }    \n    \n    if (statusCode != 200) { // Bad for some other reason\n        let errMsg = (`Cannot delete user ${user}. ${body.message}`);\n        log(errMsg);\n        output.errMsg = errMsg;\n        return false;\n    }    \n\n    log(`Deleted ${user}`);\n    return true;\n}\n",
    "endpointAuthType": "XMATTERS",
    "endpointLabel": "xMatters",
    "allowedEnvironment": "HOSTED",
    "accessibleByAll": "NotShared",
    "stage": "DEPLOYED",
    "scriptStepType": "USER",
    "inputs": [
      {
        "id": "dcd6f578-9291-4106-9807-816379725e57",
        "name": "user",
        "helpText": "Can be login or UUID",
        "defaultValue": "",
        "multiline": false,
        "required": false,
        "validationRegex": "",
        "maxLength": 100,
        "minLength": 0,
        "position": 0
      }
    ],
    "outputs": [
      {
        "id": "a253fe87-c121-4115-a736-27ecbbe8541e",
        "name": "deleted",
        "description": "true or false",
        "position": 0
      },
      {
        "id": "3d055daf-b858-4a02-8e50-80af05f9ff17",
        "name": "error",
        "description": "true or empty",
        "position": 1
      },
      {
        "id": "ea665bef-753e-4329-b2ce-12f8f0803baf",
        "name": "errMsg",
        "description": "",
        "position": 2
      }
    ],
    "libraries": []
  },
  {
    "id": "05ad1e8d-b7ab-4e09-9232-959d4c8c9203",
    "name": "Create xM User",
    "description": "Create a new xMatters user account plus a Work Email device. Doesn't include every person field on the API, but hopefully the most useful ones. This step is more forgiving than the naked API in several respects, e.g. you can pass on User Ids for Supervisors and a Site Name (instead of a cryptic UUID). If no roles are specified, Standard User is assumed. Custom step by Richard Selby, xMatters Consulting, February 2023",
    "icon": "https://s3-xmatters-static.s3.amazonaws.com/null/customers/b1d45caa-e9a4-4422-9702-5aece4f445a0/IMAGE__20230908114242305__fez_man.png",
    "script": "const log = msg => console.log(msg); // Quick log\nconst title = 'Create xM User';\n\nlog(`${title} step started for ${input.userID}`);\n\nlet{ userID, firstName, lastName, supervisors, roles, site, timezone,\n     properties, licenseType, emailAddress } = input;\n\nlet result = createxMUser(userID, firstName, lastName, supervisors, roles, site, timezone,\n     properties, licenseType );\n\n     \nif (result.error) {\n    output.created = false;\n    output.error = true;\n    output.errMsg = result.errMsg;\n}\nelse {\n    output.created = true;\n    output.UUID = result.id;\n    output.personObject = result;\n\n\n    // Add an email device\n    if (!emailAddress){\n        addWarning(`No email address supplied so not adding device`);\n    }\n    else { // Email\n    \n        let em = false;\n        let uuid = result.id;\n        em = createEmailDevice(uuid, emailAddress);\n        \n        if (em){\n            log(`All good: ${userID} and ${emailAddress} both created`)\n        }\n    }\n}\n    \n     \nlog(`${title} step finished\\n`);\n\n/* createxMUser()\n * Makes a new xMatters user with a linked work email device.\n * userID, firstName, lastName are required\n * Other args, you can pass ''/false and go with API defaults.\n * Site and Supervisors get looked up. The API demands IDs rather than Names. Grr!\n * Not bothering with  webLogin, phoneLogin, phonePin, password, forcePasswordReset\n *\n */\nfunction createxMUser(userID, firstName, lastName, supervisors, roles, site, timezone,\n     properties, licenseType ) {\n\n    log(`createxMUser started for ${userID}`);\n\n\n    // Step through the fields below, adding then where we can.\n    //    \"roles\": [\"Standard User\" ]\n    //    \"supervisors\": [ \"481086d8-357a-4279-b7d5-d7dce48fcd12\"]\n    //    \"licenseType\": \"FULL_USER\",\n    //    \"timezone\": \"US/Pacific\",\n    //    \"site\": \"671b58b4-9b8b-4b79-8801-8d9001dc180f\",\n    //    \"properties\": {}\n    \n    \n    // Roles \n    // They are required. Format needs to be an array of strings\n    if (roles && typeof roles=='string') { // Coming from a form, it's a string and needs converting\n        log(`Roles before ${roles} (type ${typeof roles})`);\n        try {\n            roles = JSON.parse(roles);\n            log(`Roles after ${JSON.stringify(roles)} (type ${typeof roles}) (array? ${Array.isArray(roles)?'true':'false'})`);\n        }\n        catch(e) {\n            log(`Uh-oh. Roles not looking good. ${e}`);\n            let result = {\n                error: true,\n                errMsg: `Role input was dodgy. ${e}`\n            };\n            return result;\n        }\n    }\n    else if (roles  && typeof roles=='object') {// Will this ever happen?  I don't think so\n        log(`Roles input ${JSON.stringify(roles)} (type ${typeof roles}) (${Array.isArray(roles)?'array':'not array'})`);\n    }\n    else { \n        roles = ['Standard User'];\n        addWarning(`Defaulting role to ${roles[0]}`);\n    }\n    \n    \n    // Supervisors\n    let newSupers = [];\n    \n    if (supervisors && typeof supervisors=='string') { // It might look like a JSON array...\n        log(`Supervisors before ${supervisors} (type ${typeof supervisors})`);\n        try {\n            supervisors = JSON.parse(supervisors);     // ...but it's a string so needs converting\n            log(`Supervisors after ${JSON.stringify(supervisors)} (type ${typeof supervisors}) (${Array.isArray(supervisors)?'array':'not array'})`);\n        }\n        catch(e) {\n            log(`Uh-oh. Supervisors not looking good. ${e}`);\n            let result = {\n                error: true,\n                errMsg: `Cannot create user. Need a supervisor but supervisors input malformed.`\n            };\n            return result;\n        }\n        // They need to passed as UUIDs not User IDs\n        // Iterate the array, assemble a new one\n        // Check if it's a UUID\n        // Convert to a UUID if possible\n     \n        \n        for (let i=0; i<supervisors.length; i++) {\n            \n            let supervisor = supervisors[i];\n            \n            // e.g. of a UUID 577953f6-7a13-48f3-b221-b7897fc250a1\n            if (supervisor.match(/[0-9a-f]{8}-(?:[0-9a-f]{4}-){3}[0-9a-f]{12}/i)){\n                log(`${supervisor} already a UUID`);\n                newSupers.push(supervisor);\n                continue;\n            }\n            \n            // Look it up\n            let uuid = getPersonWhoCanSupervise(supervisor);\n            if (uuid) {\n                newSupers.push(uuid);\n            }\n        }\n        \n    }\n    else {\n        addWarning('No supervisors');\n        supervisors = false;\n    }\n    \n    \n    // Sites\n    let siteId = false;\n    if (site){\n        siteId = getSiteId(site);\n    }\n    \n    // User licence\n    let license = false;\n     if (licenseType) {\n        if (licenseType.match(/^FULL_USER|STAKEHOLDER_USER$/i)) {\n            license = licenseType.toUpperCase();\n        }\n        else{\n            let msg =`License type must be either or FULL_USER or STAKEHOLDER_USER, not ${licenseType}`;\n            addWarning(msg);\n        }\n    }\n   \n   \n    // Properties\n    let gotProperties = false;\n    let propertiesObj = {};\n        \n     if (properties && typeof properties=='string') { // Coming from a form, it's a string and needs converting\n        log(`Properties before ${properties} (type ${typeof properties})`);\n        try {\n            propertiesObj = JSON.parse(properties);\n            log(`Properties after ${JSON.stringify(propertiesObj)} (type ${typeof propertiesObj})`);\n\n            if (typeof propertiesObj=='object')\n                gotProperties = true;\n            \n        }\n        catch(e) {\n            let msg = `Properties not looking good - ${e}`;\n            addWarning(msg);\n        }\n    }\n        \n        \n    // Get going with the request\n    let request = http.request({\n        endpoint: 'xMatters',\n        method: 'POST',\n        path: '/api/xm/1/people/' \n    });\n    \n    \n    // Assemble a person object\n    let person = {\n        targetName: userID,\n        firstName:  firstName,\n        lastName:   lastName,\n        roles: roles,\n        recipientType: \"PERSON\",\n        language: \"en\",\n        status: \"ACTIVE\"\n    };\n\n    // Add in the optional stuff\n    if (newSupers.length) \n        person.supervisors = newSupers;\n\n    if (siteId)\n        person.site = siteId;\n\n    if (license)\n        person.licenseType = license;\n        \n    if (timezone) // There was no sanity checking on this one\n        person.timezone = timezone;\n\n    if (gotProperties)\n        person.properties = propertiesObj;\n    \n    \n    let response = request.write(person);\n    let statusCode = response.statusCode;\n    let body = JSON.parse(response.body);\n\n    \n    if (statusCode != 201) { // Bad\n        log(`Uh-oh. Cannot create person`);\n        let result = {};\n        result.error = true;\n        result.errMsg = `${statusCode} ${body.reason} ${body.message}`;\n        return result;\n    }\n\n    // Created\n    log(`Created new user ${userID}`);\n    \n    return body;\n}\n\n\n\n/* getPersonWhoCanSupervise()\n * Look for person by userId.\n + Check to see if they have supervisor privileges. If they have, good.\n + If not, bad\n * Return the UUID or false\n */\nfunction getPersonWhoCanSupervise(userId) {\n    log(`getPerson started for ${userId}`);\n\n\n    let path = '/api/xm/1/people/'+  encodeURIComponent(userId) +'?embed=roles';\n    \n    let request = http.request({\n      endpoint: 'xMatters',\n      method: 'GET',\n      path: path\n    });\n    \n    \n    let response = request.write();\n    let statusCode = response.statusCode;\n    let body = JSON.parse(response.body);\n\n    if (statusCode != 200) {\n        log(`Cannot find person ${userId} statusCode ${statusCode}`);\n        return false;\n    }    \n\n    log(`Found ${userId}. UUID is ${body.id}`);\n    \n    // We want to avoid this very common error on create.\n    // \"400 Bad Request You cannot set the user barney.rubble to be a\n    // person supervisor because this user does not have permission to supervise other users\"\n    // Check roles and see if the person has one of the roles with Supervise Person function \n    // bundled. \n    // Check for Person Supervisor, Group Supervisor, Company Supervisor,\n    // Full Access User, Developer, Subscription Supervisor, Support User, Company Admin\n    // These roles are fit to be a supervisor\n    // If not, add a warning and return false\n    \n    \n    //log(`Checking roles`);\n    let canSupervise = false;\n    let spvRoles = [\"Person Supervisor\", \"Group Supervisor\", \"Company Supervisor\", \"Full Access User\",\n                    \"Developer\", \"Subscription Supervisor\", \"Support User\", \"Company Admin\"];\n    let roles = body.roles.data;\n    for (let i=0; i<roles.length; i++) {\n        \n        let role = roles[i].name;\n        \n        if (spvRoles.includes(role)) {\n            log(`${userId} has the ${role} role. Can supervise`);  \n            canSupervise = true;\n            break;\n        }\n    }\n    \n    if (!canSupervise) {\n        let msg = `Unfortunately ${userId} cannot supervise as lacks an appropritate role`;\n        addWarning(msg);\n        return false;\n    }\n    \n    return body.id;   \n}\n\n\n\n/** getSiteId()\n  * Look up a site by name and return the UUID\n  */\nfunction getSiteId(site) {\n    log(`getSiteId started for ${site}`);\n\n    let request = http.request({\n        endpoint: 'xMatters',\n        method: 'GET',\n        path: '/api/xm/1/sites/' + encodeURIComponent(site)\n      });\n\n\n    let response = request.write();\n    let statusCode = response.statusCode;\n    let body = JSON.parse(response.body);\n\n    if (statusCode != 200) { // Bad\n        log(`Uh-oh. Cannot find site`);\n        output.warningMsg += `Cannot find \"${site}\" site;`;\n        return false;\n    }    \n\n    // Good\n    log(`Found site ${site}`);\n    let siteId = body.id;\n    return siteId;    \n}\n\n\n/** createEmailDevice()\n  * uuid - of the user who owns the email\n  * emailAddress - whaddyafink\n  * return true/false\n  */\nfunction createEmailDevice(uuid, emailAddress) {\n    log(`createEmailDevice starting for ${emailAddress}`);\n    \n    \n     // Get going with the request\n    let request = http.request({\n        endpoint: 'xMatters',\n        method: 'POST',\n        path: '/api/xm/1/devices/' \n    });\n    \n    \n    // Assemble a device payload\n    let device = {\n        recipientType: \"DEVICE\",\n        deviceType: \"EMAIL\",\n        owner: uuid,\n        emailAddress: emailAddress,\n        name: \"Work Email\"\n    };\n    \n    \n    let response = request.write(device);\n    let statusCode = response.statusCode;\n    let body = JSON.parse(response.body);\n\n    if (statusCode != 201) { // Bad\n        addWarning(`Cannot create email address ${emailAddress}`);\n        return false;\n    }    \n\n    log(`Email created`);\n    return true;\n}\n\n\n// Concat some warning messages for the output\nfunction addWarning(msg){\n    log(msg);\n    \n    if (typeof output.warningMsg=='undefined')\n        output.warningMsg = msg;\n    else\n        output.warningMsg += '; '+msg; \n}\n",
    "endpointAuthType": "XMATTERS",
    "endpointLabel": "xMatters",
    "allowedEnvironment": "HOSTED",
    "accessibleByAll": "NotShared",
    "stage": "DEPLOYED",
    "scriptStepType": "USER",
    "inputs": [
      {
        "id": "33f52b9a-a52e-4f91-a32d-c9a9b3a7cf33",
        "name": "userID",
        "helpText": "",
        "defaultValue": "",
        "multiline": false,
        "required": true,
        "validationRegex": "",
        "maxLength": 100,
        "minLength": 0,
        "position": 0
      },
      {
        "id": "0246589d-6b8e-4611-86aa-a9250eb4a57c",
        "name": "firstName",
        "helpText": "",
        "defaultValue": "",
        "multiline": false,
        "required": true,
        "validationRegex": "",
        "maxLength": 2000,
        "minLength": 0,
        "position": 1
      },
      {
        "id": "a1c25d48-3fb1-467e-bbe2-e6afe109040a",
        "name": "lastName",
        "helpText": "",
        "defaultValue": "",
        "multiline": false,
        "required": true,
        "validationRegex": "",
        "maxLength": 2000,
        "minLength": 0,
        "position": 2
      },
      {
        "id": "c2a8e1aa-a4e6-4775-9670-3f010ffe1e4a",
        "name": "supervisors",
        "helpText": "Array of supervisors, either UserIDs or UUID [\"481086d8-357a-4279-b7d5-d7dce48fcd12\"]",
        "defaultValue": "",
        "multiline": false,
        "required": false,
        "validationRegex": "",
        "maxLength": 2000,
        "minLength": 0,
        "position": 3
      },
      {
        "id": "cf83534a-7ca4-46d9-9369-b700350ab2e9",
        "name": "roles",
        "helpText": "Array of roles, e.g. [\"Standard User\",\"Group Supervisor\"]. If blank, No Access User is assumed.",
        "defaultValue": "",
        "multiline": false,
        "required": false,
        "validationRegex": "",
        "maxLength": 2000,
        "minLength": 0,
        "position": 4
      },
      {
        "id": "3ba801b3-816d-4eb2-9423-e0bf3c26df09",
        "name": "site",
        "helpText": "",
        "defaultValue": "",
        "multiline": false,
        "required": false,
        "validationRegex": "",
        "maxLength": 2000,
        "minLength": 0,
        "position": 5
      },
      {
        "id": "eb0f94c2-2841-4ad3-9421-99b915e45f23",
        "name": "timezone",
        "helpText": "",
        "defaultValue": "",
        "multiline": false,
        "required": false,
        "validationRegex": "",
        "maxLength": 2000,
        "minLength": 0,
        "position": 6
      },
      {
        "id": "f1ddef61-d563-4f6e-ba12-9ceefaf9c5dd",
        "name": "properties",
        "helpText": "Object with custom user properties { \"textField\": \"whatever\", \"checkboxField\": true}",
        "defaultValue": "",
        "multiline": false,
        "required": false,
        "validationRegex": "",
        "maxLength": 20000,
        "minLength": 0,
        "position": 7
      },
      {
        "id": "e0701fe5-41bb-4e34-a083-f99615514306",
        "name": "licenseType",
        "helpText": "Either FULL_USER or STAKEHOLDER_USER",
        "defaultValue": "",
        "multiline": false,
        "required": false,
        "validationRegex": "",
        "maxLength": 2000,
        "minLength": 0,
        "position": 8
      },
      {
        "id": "b0302104-5e43-444f-9fdc-b67912501e04",
        "name": "emailAddress",
        "helpText": "Added as a Work Email device, if supplied",
        "defaultValue": "",
        "multiline": false,
        "required": false,
        "validationRegex": "",
        "maxLength": 2000,
        "minLength": 0,
        "position": 9
      }
    ],
    "outputs": [
      {
        "id": "eba99219-164f-4ef6-9a64-2c773ec9927b",
        "name": "created",
        "description": "true or false",
        "position": 0
      },
      {
        "id": "927ee243-6c0a-4ee4-9a73-25426f384e7a",
        "name": "UUID",
        "description": "UUID of newly created user",
        "position": 1
      },
      {
        "id": "ce404f17-a5e0-471a-87a9-7a3d722153fd",
        "name": "personObject",
        "description": "As returned by xM API",
        "position": 2
      },
      {
        "id": "bf07818b-00cf-44fb-bd04-82e375c4c58c",
        "name": "error",
        "description": "true of false",
        "position": 3
      },
      {
        "id": "d06508db-e686-464f-86ac-fe36b1452dc0",
        "name": "errMsg",
        "description": "",
        "position": 4
      },
      {
        "id": "961e81be-70f5-4062-bb28-abaff6a5a6d0",
        "name": "warningMsg",
        "description": "Less than an error, e.g. if supervisors were omitted.",
        "position": 5
      }
    ],
    "libraries": []
  },
  {
    "id": "7cdcf2e8-8448-498f-bc3a-d40a81489550",
    "name": "Get Site ID",
    "description": "xMatters utility. Returns a site's UUID and full site object. You can also play it in reverse, simply by passing in a UUID as name. Custom step by Richard Selby, xMatters Consulting, Feb 2023",
    "icon": "https://s3-xmatters-static.s3.amazonaws.com/null/customers/b1d45caa-e9a4-4422-9702-5aece4f445a0/IMAGE__20230210091940453__map_icon.png",
    "script": "const log = msg => console.log(msg); // Quick log\nconst title = 'Get Site ID';\nlet site = input.site;\nlog(`${title} step started for ${site}`);\n\n\nlet request = http.request({\n    endpoint: 'xMatters',\n    method: 'GET',\n    path: '/api/xm/1/sites/' + encodeURIComponent(site)\n  });\n\n\nlet response = request.write();\nlet statusCode = response.statusCode;\nlet body = JSON.parse(response.body);\n\nif (statusCode != 200) { // Bad\n    log(`Uh-oh. Cannot find site`);\n    output.error = true;\n    output.errMsg = `${statusCode} ${body.reason}. ${body.message}`;\n}    \n\nelse { // Good\n    log(`Found site`);\n    output['Site ID'] = body.id;\n    output['Site Name'] = body.name;\n    output['Site Object'] = body;\n    output.error = false;\n}\n\nlog(`${title} step finished\\n`);",
    "endpointAuthType": "XMATTERS",
    "endpointLabel": "xMatters",
    "allowedEnvironment": "HOSTED",
    "accessibleByAll": "NotShared",
    "stage": "DEPLOYED",
    "scriptStepType": "USER",
    "inputs": [
      {
        "id": "3112d90e-f852-4d7b-baed-a4bf70dff87a",
        "name": "site",
        "helpText": "Name or UUID of xMatters site. Not case-sensitive.",
        "defaultValue": "",
        "multiline": false,
        "required": true,
        "validationRegex": "",
        "maxLength": 2000,
        "minLength": 0,
        "position": 0
      }
    ],
    "outputs": [
      {
        "id": "21d174c0-ac48-48ca-96ad-589f755b57aa",
        "name": "Site ID",
        "description": "UUID of Site",
        "position": 0
      },
      {
        "id": "3c8044ef-a2c0-40c6-a51e-f8f01567bd27",
        "name": "Site Name",
        "description": "Name of Site",
        "position": 1
      },
      {
        "id": "8015efdf-b28c-400f-9c7d-6876a9066175",
        "name": "Site Object",
        "description": "JSON site object",
        "position": 2
      },
      {
        "id": "b335abc5-f811-419a-82c1-b645f440f0ec",
        "name": "error",
        "description": "true of false",
        "position": 3
      },
      {
        "id": "700b1d94-c8f9-401f-bac6-e1e4d4475520",
        "name": "errMsg",
        "description": "",
        "position": 4
      }
    ],
    "libraries": []
  },
  {
    "id": "d0bd5184-c472-4eb9-b3d3-5ed4b288cd48",
    "name": "Get Users From Email",
    "description": "Data processing step. Designed to be used with output of xMAPI Get Big Result. For Oncor as part of their unsubscribe workflow. Unlike built-in Find User step, it returns a list rather than a single matching user. Custom step by Richard Selby, August 2023.",
    "icon": "https://s3-xmatters-static.s3.amazonaws.com/null/customers/b1d45caa-e9a4-4422-9702-5aece4f445a0/IMAGE__20230418185958887__xmAPI2.png",
    "script": "log = msg =>console.log(msg); // easy log function\nlet title  = 'Get Users From Email'\nlog(title+' step started');\n\noutput.count=0;\noutput.user_list='';\n    \nif(!input.xmapi_result){\n    log(`No input`);\n    return;\n}\n\nlet res = input.xmapi_result;\n//log(`Res is type ${typeof res} and ${Array.isArray(res)?\"an\": \"NOT an\"} array`);\n\nif (!res.data){\n    log(`Where's the data property?`);\n    return;\n}\n\nlet data = res.data;\nlog(`Data is type ${typeof data} and ${Array.isArray(data)?\"an\": \"NOT an\"} array. Length is ${data.length}`);\n\nlet users = [];\nif (Array.isArray(data)){\n    for(let i=0; i<data.length; i++) {\n        \n        let d = data[i];\n        //log(JSON.stringify(d));\n        \n        if (d.targetName){\n            let dev = d.targetName; //rselby|Home Email\n            let usr = dev.split('|')[0];\n            users.push(usr);\n        }\n    }\n}\n\nif (users.length>0){\n    users = users.sort();\n    users = [...new Set(users)];// de-dupe\n    output.user_list = users.join(',');\n    output.count = users.length;\n}\n\nlog(`${title} step finished with ${users.length} user${users.length==1?'':'s'}\\n`);\n\n",
    "endpointLabel": "",
    "allowedEnvironment": "HOSTED",
    "accessibleByAll": "NotShared",
    "stage": "DEPLOYED",
    "scriptStepType": "USER",
    "inputs": [
      {
        "id": "4dea7350-e592-4222-89f6-15d8f7c69621",
        "name": "xmapi_result",
        "helpText": "Result object from xMAPI Get Big Result",
        "defaultValue": "",
        "multiline": false,
        "required": false,
        "validationRegex": "",
        "maxLength": 20000,
        "minLength": 0,
        "position": 0
      }
    ],
    "outputs": [
      {
        "id": "1b249e63-b027-497e-b21d-043bb3ec415a",
        "name": "count",
        "description": "Number of users returned",
        "position": 0
      },
      {
        "id": "e4c6b96a-9802-46c6-b417-30a023d0180c",
        "name": "user_list",
        "description": "Comma separated list of userIds",
        "position": 1
      }
    ],
    "libraries": []
  },
  {
    "id": "2a70e745-50d3-476a-a925-7fd5eee850e4",
    "name": "xM Get User From Name",
    "description": "xMatters utility. Returns an xMatters user from a full name. If the name is just one word, e.g. John, the first name is checked. Otherwise it's first name and surname. Custom step by Richard Selby, xMatters Consulting, July 2023",
    "icon": "https://s3-xmatters-static.s3.amazonaws.com/null/customers/b1d45caa-e9a4-4422-9702-5aece4f445a0/IMAGE__20220127122158205__monkey_face.jpeg",
    "script": "const log = msg => console.log(msg); // Quick log\nconst title = 'xM Get User From Name';\n\nif (typeof input.Name=='undefined' || !input.Name ){\n    log(`${title} step. Blank input`);\n    output['UUID']='';\n    output['targetName']='';\n    output['gotIt'] = false;\n    return;\n}\n\nlet fullName = input.Name;\nlog(`${title} step started for ${fullName}`);\n\nlet nm = fullName.split(' ');\n\nlet firstName = nm.shift().trim();\nlet lastName = '';\n\nif (fullName.length){ // the remainder goes in the lastName variable\n    lastName = nm.join(' ').trim();\n}\n\nlog(`Firstname \"${firstName}\" Lastname \"${lastName}\"`);\n\n// /api/xm/1/people?firstName=john&lastName=smith\n\nlet path ='/api/xm/1/people?firstName='+encodeURIComponent(firstName);\n\nif (lastName)\n    path += '&lastName='+encodeURIComponent(lastName);\n\nlet request = http.request({\n    endpoint: 'xMatters',\n    method: 'GET',\n    path: path\n  });\n\n\nlet response = request.write();\nlet statusCode = response.statusCode;\nlet body = JSON.parse(response.body);\n\nif (statusCode != 200) { // Bad\n    log(`Uh-oh. Cannot find user`);\n    output.error = true;\n    output.errMsg = `${statusCode} ${body.reason} ${body.message}`;\n    output.gotIt = false;\n}    \n\nelse { // Good\n    if (body.data && body.data[0]) {\n        log(`Found ${fullName} in xMatters`);\n        let usr = body.data[0];\n        output['UUID'] = usr.id;\n        output['User Object'] = usr;// all of it\n        output['targetName'] = usr.targetName;\n        output.status = usr.status;\n        output.name = usr.firstName + ' ' + usr.lastName;\n        output.site = usr.site.name;\n        output.webLogin = usr.webLogin;\n        output.error = false;\n        output.gotIt = true;\n    }\n    else {\n        log(`Cannot find ${fullName} in xMatters`);\n        output['UUID']='';\n        output['targetName']='';\n        output.error = false;\n        output.gotIt = false;\n    }\n}\n\nlog(`${title} step finished\\n`);",
    "endpointAuthType": "XMATTERS",
    "endpointLabel": "xMatters",
    "allowedEnvironment": "HOSTED",
    "accessibleByAll": "NotShared",
    "stage": "DEPLOYED",
    "scriptStepType": "USER",
    "inputs": [
      {
        "id": "3944a84d-22a8-4e83-8d4d-c50745eafb0c",
        "name": "Name",
        "helpText": "e.g. John Smith",
        "defaultValue": "",
        "multiline": false,
        "required": false,
        "validationRegex": "",
        "maxLength": 2000,
        "minLength": 0,
        "position": 0
      }
    ],
    "outputs": [
      {
        "id": "d4582568-b3de-4bda-982b-d7ab2d9531cf",
        "name": "UUID",
        "description": "UUID of user",
        "position": 0
      },
      {
        "id": "79d32c13-ef3c-4eae-93a7-6224350cca56",
        "name": "targetName",
        "description": "aka the User ID",
        "position": 1
      },
      {
        "id": "41dced54-5f11-4d76-92f2-e3b1c77471fb",
        "name": "webLogin",
        "description": "Often used for SSO",
        "position": 2
      },
      {
        "id": "29d18687-0eda-4546-b9ef-3600a67ee9da",
        "name": "site",
        "description": "User's site",
        "position": 3
      },
      {
        "id": "fe2fc8e1-5298-409e-88d9-35461fa4fe8e",
        "name": "User Object",
        "description": "Full JSON object from the xMatters API, if you need to parse out more values",
        "position": 4
      },
      {
        "id": "0115bdd4-43cb-4da6-9cc7-8bf0cc180d05",
        "name": "gotIt",
        "description": "Flag. true if we have found the user. false if we haven't",
        "position": 5
      },
      {
        "id": "2b3aaf80-1265-42c3-b468-c04513565308",
        "name": "name",
        "description": "First name and last name",
        "position": 6
      },
      {
        "id": "6280952d-13cb-4c8f-b7e6-fe3c3aa9b0ad",
        "name": "status",
        "description": "e.g. active",
        "position": 7
      },
      {
        "id": "5bef254a-48c0-4340-98af-fc4f22e5a0fb",
        "name": "error",
        "description": "true on error",
        "position": 8
      },
      {
        "id": "5726c98b-4f51-44f9-91a4-05ad064d74d3",
        "name": "errMsg",
        "description": "",
        "position": 9
      }
    ],
    "libraries": []
  },
  {
    "id": "1f956f23-1220-4062-bbcd-97027facdb49",
    "name": "Stringify Object",
    "description": "Transform an object to a string. Good for displaying the Object JSON in a message body. Custom step by Richard Selby, xMatters Consulting, February 2023",
    "icon": "https://s3-xmatters-static.s3.amazonaws.com/null/customers/b1d45caa-e9a4-4422-9702-5aece4f445a0/IMAGE__20201125123845171__recursion2.png",
    "script": "output.string = '[EMPTY]';\n\nif (input.object)\n    output.string = JSON.stringify(input.object);\n\n",
    "endpointLabel": "",
    "allowedEnvironment": "HOSTED",
    "accessibleByAll": "NotShared",
    "stage": "DEPLOYED",
    "scriptStepType": "USER",
    "inputs": [
      {
        "id": "c5263c66-b9a0-485d-a231-ad0bf4ccc428",
        "name": "object",
        "helpText": "",
        "defaultValue": "",
        "multiline": false,
        "required": false,
        "validationRegex": "",
        "maxLength": 20000,
        "minLength": 0,
        "position": 0
      }
    ],
    "outputs": [
      {
        "id": "a09d5b4e-a2dd-40ee-aeec-1a5aa6efe943",
        "name": "string",
        "description": "",
        "position": 0
      }
    ],
    "libraries": []
  },
  {
    "id": "b34c310b-3eda-4056-9f56-0ab2d410d2b9",
    "name": "xM Set User Active",
    "description": "Set a user either active, inactive or choose toggle to flip the switch the other way.",
    "icon": "https://s3-xmatters-static.s3.amazonaws.com/null/customers/b1d45caa-e9a4-4422-9702-5aece4f445a0/IMAGE__20230908173559883__exercise.png",
    "script": "const log = msg => console.log(msg); // Quick log\nconst title = 'xM User Set Active';\n\nlet user = input.user;\nlet action = input.action\n\nlog(`${title} step started for ${user}. Action is ${action}`);\n\noutput.active='';\noutput.error= true;\n    \nif (!user) {\n    log(`No user, nothing to do`);\n    output.errMsg='No user input';\n    return;\n}\n\nif(!action || !(action.match(/active|inactive|toggle/i))){\n    log(`Action needs to be either active, inactive, or toggle`);\n    output.errMsg='Action string is invalid';\n    return;\n}\n\naction = action.toLowerCase();\n\nlet person =  getPerson(user);\n\n\nif (!person.found) {\n    output.errMsg='Cannot find user in xMatters: '+user;\n    return;\n}\n\nlet personId = person.id;\n\nlet set_to='';\n\nif (action == 'active') {\n    if (person.status=='ACTIVE' ) {\n        output.error='';\n        output.errMsg='User already active: '+user;\n        return;\n    }\n    set_to = 'ACTIVE';\n}\n\nif (action == 'inactive') {\n    if (person.status=='INACTIVE' ) {\n        output.error= '';\n        output.errMsg='User already inactive: '+user;\n        return;\n    }\n    set_to = 'INACTIVE';\n}\n\nif (action == 'toggle') {\n    \n    if (person.status=='INACTIVE')\n        set_to = 'ACTIVE'\n    else \n        set_to = 'INACTIVE';\n}\n\n// Let's make the update at last\n\nlet ok =  update_xM_User(personId,'status', set_to);\n\nif (!ok){\n    output.active=person.status;\n      output.error = '';//not really an error. Let the warning message stand\n}\n\nelse {\n    output.active = set_to;\n    output.error = false;\n    output.errMsg = '';\n}\n\n\n\nlog(`${title} step finished for ${user}\\n`);\n\n\n// Check to see if recip is a user(person)\n// in xMatters.\n// Returns a person object with some summary data\n/*\n    person{\n        targetName: \"fred\",\n        found:  true,\n        recipientType: \"PERSON\"\n        status: \"ACTIVE\" / INACTIVE,\n        id: uuid\n    }\n*/\nfunction getPerson(recip) {\n    log(`getPerson started for ${recip}`);\n\n    let person={ targetName: recip,\n                 found: false, \n                 recipientType: '',\n                 status: '',\n                 id: ''\n                };\n    \n    let path = '/api/xm/1/people/'+  encodeURIComponent(recip);\n    \n    let request = http.request({\n      endpoint: 'xMatters',\n      method: 'GET',\n      path: path\n    });\n    \n    \n    let response = request.write();\n    let statusCode = response.statusCode;\n    let body = JSON.parse(response.body);\n\n    if (statusCode == 404) {\n        log(`Cannot find person ${recip}`);\n        person.found = false;\n    }    \n    \n    else if (statusCode == 200){\n        person.found = true;\n        person.recipientType = body.recipientType;\n        person.status = body.status;\n        person.id = body.id;\n        log(`Found ${recip}. recipientType ${person.recipientType} with status ${person.status}`);\n    }\n    \n    else {\n        log(`getPerson status code is ${statusCode}`);\n    }\n    \n    \n    log(JSON.stringify(person));\n    return person;\n}\n\n\n/* update_xM_User()\n * Updates a user in xMatters\n * Returns true or false\n */\nfunction update_xM_User(userId, property, set_to) {\n    log(`update_xM_User started for ${userId}. Setting ${property} to ${set_to}`);\n    \n    \n     // Get going with the request\n    let request = http.request({\n        endpoint: 'xMatters',\n        method: 'POST',\n        path: '/api/xm/1/people' \n    });\n    \n    let payload = {};\n    payload.id = userId;\n    payload[property] = set_to;\n\n    \n    let response = request.write(payload);\n    let statusCode = response.statusCode;\n    let body = JSON.parse(response.body);\n\n    if (statusCode != 200) { // Bad\n        let errMsg = (`Cannot update user. ${body.message}`);\n        output.errMsg = errMsg;\n        log(errMsg);\n        return false;\n    }    \n\n    log(`Updated ${userId}`);\n    return true;\n}\n",
    "endpointAuthType": "XMATTERS",
    "endpointLabel": "xMatters",
    "allowedEnvironment": "HOSTED",
    "accessibleByAll": "NotShared",
    "stage": "DEPLOYED",
    "scriptStepType": "USER",
    "inputs": [
      {
        "id": "2b51beff-bbe9-43bc-85c9-8669776327ca",
        "name": "user",
        "helpText": "Can be login or UUID",
        "defaultValue": "",
        "multiline": false,
        "required": false,
        "validationRegex": "",
        "maxLength": 100,
        "minLength": 0,
        "position": 0
      },
      {
        "id": "9ebafeb7-0917-466e-983c-53f8ca4270bd",
        "name": "action",
        "helpText": "Either active|inactive|toggle. Toggle flips the switch.",
        "defaultValue": "active",
        "multiline": false,
        "required": false,
        "validationRegex": "",
        "maxLength": 16,
        "minLength": 0,
        "position": 1
      }
    ],
    "outputs": [
      {
        "id": "dc3f7b2e-7dc5-4bfd-9ed2-429a4e79721d",
        "name": "active",
        "description": "true or false",
        "position": 0
      },
      {
        "id": "ab3b09d1-3dbd-472f-968e-49f4ce9a6062",
        "name": "error",
        "description": "true or empty",
        "position": 1
      },
      {
        "id": "dd7a6a74-c670-4bcd-8973-3d29b2c628c3",
        "name": "errMsg",
        "description": "",
        "position": 2
      }
    ],
    "libraries": []
  },
  {
    "id": "44a9d31d-eba0-42dd-92a9-5165d731d926",
    "name": "Is User Member of Group?",
    "description": "This is not case-sensitive. Custom Step by Richard Selby, xMatters Consulting, August 2022",
    "icon": "https://s3-xmatters-static.s3.amazonaws.com/null/customers/b1d45caa-e9a4-4422-9702-5aece4f445a0/IMAGE__20230908171925982__group_female.png",
    "script": "const log = msg => console.log(msg); // quick log\nconst title = 'Is User Member of Group?';\nlog(`${title} step started`);\n\nlet username = input.username;\nlet groupname = input.groupname;\n\ntry {\n    let iumog = isUserMemberOfGroup(username, groupname);\n\n    log(`iumog object ${JSON.stringify(iumog)}`);\n    \n    output.error = false;\n    output.isMember = iumog.isMember;\n    output.reason = iumog.reason;\n\n    log(`${output.isMember? 'Yes':'No'}, ${username} is ${output.isMember? '':'not'} a member of ${groupname}. ${output.reason}.`);\n    log(`${title} step finished`);\n}\n\ncatch (e) {\n    log(`Boom! ${e}`);\n    output.error = true;\n    output.errMsg = e.toString();\n}\n\n\n// Makes several xMatters API to find out if user x a member of group y.\n// Returns a result object like this\n/*  { \n        userName: '',\n        userId: '',\n        userType: '',\n        userStatus: '',\n        groupName: '',\n        groupId: '',\n        groupStatus: '',\n        groupType: '',\n        isMember: true,\n        isSupervisor: false,\n        reason: ''\n    }  */\nfunction isUserMemberOfGroup(username, groupname) {\n    log(`isUserMemberOfGroup started. Is ${username} in ${groupname}?`);\n    \n    let iumog = { \n        username: username,\n        userId: '',\n        userType: '',\n        userStatus: '',\n        groupname: '',\n        groupId: '',\n        groupType: '',\n        groupStatus: '',\n        isMember: false,\n        isSupervisor: false,\n        reason: ''\n    };\n    \n    let person = getPerson(username);\n\n    if (!person.found) {\n        iumog.reason = `No such user`;\n        return iumog;\n    }\n    else {\n        iumog.userId = person.id;\n        iumog.userType = person.recipientType;\n        iumog.userStatus = person.status;\n    }\n    \n    iumog.groupname = groupname;\n    \n    let group = getGroup(groupname);\n\n    if (!group.found) {\n        iumog.reason = `No such group`;\n        return iumog;\n    }\n    else {\n        iumog.groupId = group.id;\n        iumog.groupStatus = group.status;\n        iumog.groupType = group.groupType;\n    }\n    \n    let groupSupers = getSupervisors(group.id);\n    let supers = groupSupers.supervisors.map(name => name.toLowerCase());\n    log(`Group supervisors are ${supers}`);\n    \n    if (supers.includes(username.toLowerCase())) \n        iumog.isSupervisor  = true;\n    else\n        iumog.isSupervisor  = false;\n    \n\n    let groupMembers = getMembers(group.id);\n    \n    if (!groupMembers || groupMembers.members.length===0) {\n        \n        iumog.reason = `Group has no members`;\n        return iumog;\n    }\n\n\n    let members = groupMembers.members.map(name => name.toLowerCase());\n    \n    log(`Group members are ${members}`);\n    \n    let inGroup = members.includes(username.toLowerCase());\n    \n    if (!inGroup && iumog.isSupervisor) {\n        iumog.reason = `user not member of group but is supervisor`;\n        return iumog;\n    }\n    \n    \n    if (!inGroup && !iumog.isSupervisor) {\n        iumog.reason = `user not member of group`;\n        return iumog;\n    }\n\n    log (`Yes, ${username} is a member of ${groupname}`);\n    iumog.reason = `user member of ${iumog.groupStatus.toLowerCase()} ${iumog.groupType.toLowerCase()} group`;\n    iumog.isMember = true;\n    \n    return iumog;\n}\n\n\n\n// Get the groups roster\n// Returns an object like so \n/* { name: groupName,\n    id: groupId,\n    members: ['posh','scary','sporty','ginger']\n    } */\nfunction getMembers(groupId) {\n    log(`\\ngetMembers started for ${groupId}`);\n\n    let groupMembers = { \n            groupId: groupId,\n            name: '', \n            id: groupId,\n            members: []\n    };\n        \n    \n    let path = '/api/xm/1/groups/'+  encodeURIComponent(groupId) +'/members';\n    \n    let request = http.request({\n        endpoint: 'xMatters',\n        method: 'GET',\n        path: path\n    });\n    \n    \n    let response = request.write();\n    let statusCode = response.statusCode;\n    let body = JSON.parse(response.body);\n    \n    if (statusCode == 404) {\n        log(`Cannot find group ${groupId}`);\n        return false;\n    }    \n    \n    else if (statusCode == 200) {\n        \n\n        let count = body.count;\n        let total = body.total;\n        \n        if (count < total) {\n            // TODO - paging\n            log(`We need to page. Count ${count} is smaller than total ${total}`);\n        }\n        \n        if (body.data) {\n            let data = body.data;\n        \n            for (let i=0; i<data.length;i++) {\n                    \n                let group = data[i].group;\n                let member = data[i].member;\n                \n                if (!groupMembers.name)\n                    groupMembers.name = group.targetName;\n                        \n                let user = member.targetName;\n                \n                log(`${user} is a group member`);\n                groupMembers.members.push(user);\n            }\n        }\n    }\n        \n    return groupMembers;\n}\n\n\n\n\n// Get the group's supervisors\n// Returns an object like so \n/* {  id: groupId,\n      supervisors: ['simon.powell']\n    } */\nfunction getSupervisors(groupId) {\n    log(`\\ngetSupervisors started for ${groupId}`);\n\n    let groupSupers = { \n            groupId: groupId,\n            supervisors: []\n    };\n        \n    \n    let path = '/api/xm/1/groups/'+  encodeURIComponent(groupId) +'/supervisors';\n    \n    let request = http.request({\n        endpoint: 'xMatters',\n        method: 'GET',\n        path: path\n    });\n    \n    \n    let response = request.write();\n    let statusCode = response.statusCode;\n    let body = JSON.parse(response.body);\n    \n    if (statusCode == 404) {\n        log(`Cannot find group ${groupId}`);\n        return false;\n    }    \n    \n    else if (statusCode == 200) {\n        \n\n        let count = body.count;\n        let total = body.total;\n        \n        if (count < total) {\n            // TODO - paging\n            log(`We need to page. Count ${count} is smaller than total ${total}`);\n        }\n        \n        if (body.data) {\n            let data = body.data;\n        \n            for (let i=0; i<data.length;i++) {\n                    \n                let d = data[i];\n                        \n                let user = d.targetName;\n                \n                log(`${user} is a group supervisor`);\n                groupSupers.supervisors.push(user);\n            }\n        }\n    }\n        \n    return groupSupers;\n}\n\n\n\n// Check to see if recip is a user(person)\n// in xMatters. Carries on to check their devices.\n// Returns a person object with some summary data\n/*\n    person{\n        targetName: \"fred\",\n        id: 1234\n        found:  true,\n        recipientType: \"PERSON\"\n        status: \"ACTIVE\" / INACTIVE,\n    }\n*/\nfunction getPerson(recip) {\n    log(`\\ngetPerson started for ${recip}`);\n\n    let person={ targetName: recip,\n                 id:'',\n                 found: false, \n                 recipientType: '',\n                 status: ''\n                };\n    \n    let path = '/api/xm/1/people/'+  encodeURIComponent(recip);\n    \n    let request = http.request({\n      endpoint: 'xMatters',\n      method: 'GET',\n      path: path\n    });\n    \n    \n    let response = request.write();\n    let statusCode = response.statusCode;\n    let body = JSON.parse(response.body);\n\n    if (statusCode == 404) {\n        log(`Cannot find person ${recip}`);\n        person.found = false;\n    }    \n    \n    else if (statusCode == 200){\n        person.found = true;\n        person.recipientType = body.recipientType;\n        person.status = body.status;\n        person.id = body.id;\n        log(`Found ${recip}. recipientType ${person.recipientType} with status ${person.status}`);\n    }\n    \n    else {\n        log(`getPerson status code is ${statusCode}`);\n    }\n    \n    log(JSON.stringify(person));\n    return person;\n}\n\n\n\n// Check for a group\n// Returns a simple group object\n/* group {\n    targetName: Service Desk\n    found: true,\n    id: 123456,\n    groupType: ON_CALL,\n    status: ACTIVE\n    }\n*/\nfunction getGroup(grp) {\n    log(`\\ngetGroup started for ${grp}`);\n\n    let group = { targetName: grp,\n                 found: false,\n                 id: '',\n                 status: ''\n                };\n    \n    let path = '/api/xm/1/groups/'+  encodeURIComponent(grp);\n    \n    let request = http.request({\n      endpoint: 'xMatters',\n      method: 'GET',\n      path: path\n    });\n    \n    \n    let response = request.write();\n    let statusCode = response.statusCode;\n    let body = JSON.parse(response.body);\n\n    if (statusCode == 404) {\n        log(`Cannot find group ${grp}`);\n        group.found = false;\n    }    \n    \n    else if (statusCode == 200){\n        group.id = body.id;\n        group.found = true;\n        group.targetName = body.targetName;\n        group.groupType = body.groupType;\n        group.status = body.status;\n        log(`Found ${group.targetName}. groupType is ${group.groupType} with status ${group.status}`);\n    }\n    \n    else {\n        log(`getGroup: status code is ${statusCode}`);\n    }\n    \n    log(JSON.stringify(group));\n    return group;\n}\n",
    "endpointAuthType": "XMATTERS",
    "endpointLabel": "xMatters",
    "allowedEnvironment": "HOSTED",
    "accessibleByAll": "NotShared",
    "stage": "DEPLOYED",
    "scriptStepType": "USER",
    "inputs": [
      {
        "id": "872c48e7-fe5f-4757-a27e-2d194fec027d",
        "name": "username",
        "helpText": "",
        "defaultValue": "",
        "multiline": false,
        "required": false,
        "validationRegex": "",
        "maxLength": 2000,
        "minLength": 0,
        "position": 0
      },
      {
        "id": "726706d9-c9b1-486c-bf16-725735a5fbe5",
        "name": "groupname",
        "helpText": "",
        "defaultValue": "",
        "multiline": false,
        "required": false,
        "validationRegex": "",
        "maxLength": 2000,
        "minLength": 0,
        "position": 1
      }
    ],
    "outputs": [
      {
        "id": "743ceda9-a795-4fc7-9a45-7810ae366bc2",
        "name": "isMember",
        "description": "true or false",
        "position": 0
      },
      {
        "id": "09dd3e0c-176d-4bcd-85f1-ebdfa688791f",
        "name": "reason",
        "description": "why user is/isn't a group member, e.g. user member of active on_call group",
        "position": 1
      },
      {
        "id": "3f237e1c-6b47-463c-bdd0-9c97cc8fd5b0",
        "name": "error",
        "description": "",
        "position": 2
      },
      {
        "id": "c719d1f7-c5bb-4fd8-a33f-61ffaf44d97b",
        "name": "errMsg",
        "description": "",
        "position": 3
      }
    ],
    "libraries": []
  }
]